screen_name,location
XGuoforWaterloo,"Kitchener, Ontario"
XGuoforWaterloo,"Kitchener, Ontario"
Aroguden,Barquisimeto-Venezuela
Aroguden,Barquisimeto-Venezuela
Aroguden,Barquisimeto-Venezuela
Aroguden,Barquisimeto-Venezuela
Aroguden,Barquisimeto-Venezuela
Aroguden,Barquisimeto-Venezuela
temari_hn2,é–¢æ±åœ°æ–¹ JAPAN      æ¸¬å®šå™¨ï¼šDC100
temari_hn2,é–¢æ±åœ°æ–¹ JAPAN      æ¸¬å®šå™¨ï¼šDC100
temari_hn2,é–¢æ±åœ°æ–¹ JAPAN      æ¸¬å®šå™¨ï¼šDC100
temari_hn2,é–¢æ±åœ°æ–¹ JAPAN      æ¸¬å®šå™¨ï¼šDC100
temari_hn2,é–¢æ±åœ°æ–¹ JAPAN      æ¸¬å®šå™¨ï¼šDC100
temari_hn2,é–¢æ±åœ°æ–¹ JAPAN      æ¸¬å®šå™¨ï¼šDC100
temari_hn2,é–¢æ±åœ°æ–¹ JAPAN      æ¸¬å®šå™¨ï¼šDC100
temari_hn2,é–¢æ±åœ°æ–¹ JAPAN      æ¸¬å®šå™¨ï¼šDC100
temari_hn2,é–¢æ±åœ°æ–¹ JAPAN      æ¸¬å®šå™¨ï¼šDC100
temari_hn2,é–¢æ±åœ°æ–¹ JAPAN      æ¸¬å®šå™¨ï¼šDC100
temari_hn2,é–¢æ±åœ°æ–¹ JAPAN      æ¸¬å®šå™¨ï¼šDC100
temari_hn2,é–¢æ±åœ°æ–¹ JAPAN      æ¸¬å®šå™¨ï¼šDC100
temari_hn2,é–¢æ±åœ°æ–¹ JAPAN      æ¸¬å®šå™¨ï¼šDC100
globaltimesnews,"Beijing, China"
globaltimesnews,"Beijing, China"
globaltimesnews,"Beijing, China"
globaltimesnews,"Beijing, China"
globaltimesnews,"Beijing, China"
globaltimesnews,"Beijing, China"
globaltimesnews,"Beijing, China"
globaltimesnews,"Beijing, China"
globaltimesnews,"Beijing, China"
globaltimesnews,"Beijing, China"
globaltimesnews,"Beijing, China"
globaltimesnews,"Beijing, China"
globaltimesnews,"Beijing, China"
globaltimesnews,"Beijing, China"
globaltimesnews,"Beijing, China"
globaltimesnews,"Beijing, China"
globaltimesnews,"Beijing, China"
globaltimesnews,"Beijing, China"
globaltimesnews,"Beijing, China"
globaltimesnews,"Beijing, China"
globaltimesnews,"Beijing, China"
globaltimesnews,"Beijing, China"
globaltimesnews,"Beijing, China"
globaltimesnews,"Beijing, China"
globaltimesnews,"Beijing, China"
globaltimesnews,"Beijing, China"
globaltimesnews,"Beijing, China"
globaltimesnews,"Beijing, China"
globaltimesnews,"Beijing, China"
globaltimesnews,"Beijing, China"
bledwine,"North Shore, Boston "
ecoMagNews,Global
ecoMagNews,Global
_catem,"North East, England"
arirangtvnews,ëŒ€í•œë¯¼êµ­ ì„œìš¸
arirangtvnews,ëŒ€í•œë¯¼êµ­ ì„œìš¸
arirangtvnews,ëŒ€í•œë¯¼êµ­ ì„œìš¸
arirangtvnews,ëŒ€í•œë¯¼êµ­ ì„œìš¸
arirangtvnews,ëŒ€í•œë¯¼êµ­ ì„œìš¸
arirangtvnews,ëŒ€í•œë¯¼êµ­ ì„œìš¸
arirangtvnews,ëŒ€í•œë¯¼êµ­ ì„œìš¸
arirangtvnews,ëŒ€í•œë¯¼êµ­ ì„œìš¸
arirangtvnews,ëŒ€í•œë¯¼êµ­ ì„œìš¸
arirangtvnews,ëŒ€í•œë¯¼êµ­ ì„œìš¸
arirangtvnews,ëŒ€í•œë¯¼êµ­ ì„œìš¸
arirangtvnews,ëŒ€í•œë¯¼êµ­ ì„œìš¸
arirangtvnews,ëŒ€í•œë¯¼êµ­ ì„œìš¸
Youth4CTBT,"Vienna, Austria"
thoton9,"Tokyo, Japan"
thoton9,"Tokyo, Japan"
thoton9,"Tokyo, Japan"
thoton9,"Tokyo, Japan"
thoton9,"Tokyo, Japan"
thoton9,"Tokyo, Japan"
thoton9,"Tokyo, Japan"
thoton9,"Tokyo, Japan"
thoton9,"Tokyo, Japan"
thoton9,"Tokyo, Japan"
thoton9,"Tokyo, Japan"
thoton9,"Tokyo, Japan"
thoton9,"Tokyo, Japan"
thoton9,"Tokyo, Japan"
thoton9,"Tokyo, Japan"
thoton9,"Tokyo, Japan"
thoton9,"Tokyo, Japan"
thoton9,"Tokyo, Japan"
MarkHavinga, I Hope On A Bike Somewere \m/
JapanMeltdown,United States
JapanMeltdown,United States
JapanMeltdown,United States
JapanMeltdown,United States
JapanMeltdown,United States
JapanMeltdown,United States
JapanMeltdown,United States
JapanMeltdown,United States
JapanMeltdown,United States
JapanMeltdown,United States
JapanMeltdown,United States
JapanMeltdown,United States
JapanMeltdown,United States
JapanMeltdown,United States
JapanMeltdown,United States
JapanMeltdown,United States
JapanMeltdown,United States
JapanMeltdown,United States
JapanMeltdown,United States
JapanMeltdown,United States
JapanMeltdown,United States
JapanMeltdown,United States
JapanMeltdown,United States
JapanMeltdown,United States
JapanMeltdown,United States
JapanMeltdown,United States
JapanMeltdown,United States
JapanMeltdown,United States
JapanMeltdown,United States
JapanMeltdown,United States
JapanMeltdown,United States
JapanMeltdown,United States
JapanMeltdown,United States
JapanMeltdown,United States
JapanMeltdown,United States
JapanMeltdown,United States
JapanMeltdown,United States
JapanMeltdown,United States
JapanMeltdown,United States
JapanMeltdown,United States
JapanMeltdown,United States
JapanMeltdown,United States
JapanMeltdown,United States
JapanMeltdown,United States
JapanMeltdown,United States
JapanMeltdown,United States
JapanMeltdown,United States
koreatimescokr,"Seoul, Korea"
koreatimescokr,"Seoul, Korea"
koreatimescokr,"Seoul, Korea"
koreatimescokr,"Seoul, Korea"
koreatimescokr,"Seoul, Korea"
koreatimescokr,"Seoul, Korea"
koreatimescokr,"Seoul, Korea"
koreatimescokr,"Seoul, Korea"
koreatimescokr,"Seoul, Korea"
koreatimescokr,"Seoul, Korea"
rebecca_bathory,The Underworld
TheKoreaHerald,"Seoul, Korea "
TheKoreaHerald,"Seoul, Korea "
TheKoreaHerald,"Seoul, Korea "
TheKoreaHerald,"Seoul, Korea "
TheKoreaHerald,"Seoul, Korea "
TheKoreaHerald,"Seoul, Korea "
TheKoreaHerald,"Seoul, Korea "
TheKoreaHerald,"Seoul, Korea "
TheKoreaHerald,"Seoul, Korea "
TheKoreaHerald,"Seoul, Korea "
TheKoreaHerald,"Seoul, Korea "
TheKoreaHerald,"Seoul, Korea "
TheKoreaHerald,"Seoul, Korea "
SymbioticWrld,Earth
SymbioticWrld,Earth
SymbioticWrld,Earth
SymbioticWrld,Earth
SymbioticWrld,Earth
SymbioticWrld,Earth
SymbioticWrld,Earth
SymbioticWrld,Earth
SymbioticWrld,Earth
SymbioticWrld,Earth
SymbioticWrld,Earth
SymbioticWrld,Earth
SymbioticWrld,Earth
SymbioticWrld,Earth
SymbioticWrld,Earth
SymbioticWrld,Earth
SymbioticWrld,Earth
SymbioticWrld,Earth
SymbioticWrld,Earth
SymbioticWrld,Earth
SymbioticWrld,Earth
SymbioticWrld,Earth
SymbioticWrld,Earth
SymbioticWrld,Earth
SymbioticWrld,Earth
SymbioticWrld,Earth
SymbioticWrld,Earth
SymbioticWrld,Earth
SymbioticWrld,Earth
SymbioticWrld,Earth
Humdiha,Northumberland
votelau,Treaty 4 territory
LaurelKlem,Oregon
thouse_opinions,Beijing
thouse_opinions,Beijing
thouse_opinions,Beijing
thouse_opinions,Beijing
thouse_opinions,Beijing
thouse_opinions,Beijing
thouse_opinions,Beijing
thouse_opinions,Beijing
thouse_opinions,Beijing
thouse_opinions,Beijing
thouse_opinions,Beijing
thouse_opinions,Beijing
thouse_opinions,Beijing
thouse_opinions,Beijing
thouse_opinions,Beijing
NewZealand_cafe,ç¦å²¡ ç¦å²¡å¸‚ ä¸­å¤®åŒº å¤§å2-10-38ãƒ‡ã‚£ãƒ¼ãƒ»ã‚¦ã‚£ãƒ³ã‚°ã‚¿ãƒ¯ãƒ¼
NewZealand_cafe,ç¦å²¡ ç¦å²¡å¸‚ ä¸­å¤®åŒº å¤§å2-10-38ãƒ‡ã‚£ãƒ¼ãƒ»ã‚¦ã‚£ãƒ³ã‚°ã‚¿ãƒ¯ãƒ¼
yyisrael28,"Kewanee, IL"
WaterTrends,Canada
WaterTrends,Canada
WaterTrends,Canada
WaterTrends,Canada
WaterTrends,Canada
Yes2Pot,California
NigelTebbutt,"Bromsgrove, United Kingdom"
Cannabis_Cinema,USA
YourRads,United States
YourRads,United States
YourRads,United States
Kempo50,"Washington, DC"
Cosmopolitka,"Breda, The Netherlands"
hyotto_koko,ã¾ã»ã‚ã° ã‚„ã¾ã®ã¹ã®ã¿ã¡
hyotto_koko,ã¾ã»ã‚ã° ã‚„ã¾ã®ã¹ã®ã¿ã¡
hyotto_koko,ã¾ã»ã‚ã° ã‚„ã¾ã®ã¹ã®ã¿ã¡
hyotto_koko,ã¾ã»ã‚ã° ã‚„ã¾ã®ã¹ã®ã¿ã¡
hyotto_koko,ã¾ã»ã‚ã° ã‚„ã¾ã®ã¹ã®ã¿ã¡
hyotto_koko,ã¾ã»ã‚ã° ã‚„ã¾ã®ã¹ã®ã¿ã¡
hyotto_koko,ã¾ã»ã‚ã° ã‚„ã¾ã®ã¹ã®ã¿ã¡
hyotto_koko,ã¾ã»ã‚ã° ã‚„ã¾ã®ã¹ã®ã¿ã¡
hyotto_koko,ã¾ã»ã‚ã° ã‚„ã¾ã®ã¹ã®ã¿ã¡
hyotto_koko,ã¾ã»ã‚ã° ã‚„ã¾ã®ã¹ã®ã¿ã¡
hyotto_koko,ã¾ã»ã‚ã° ã‚„ã¾ã®ã¹ã®ã¿ã¡
hyotto_koko,ã¾ã»ã‚ã° ã‚„ã¾ã®ã¹ã®ã¿ã¡
JochenFromm,Berlin
greenlabel_tw,"Tokyoâ¡Kumamoto,Japan"
greenlabel_tw,"Tokyoâ¡Kumamoto,Japan"
greenlabel_tw,"Tokyoâ¡Kumamoto,Japan"
greenlabel_tw,"Tokyoâ¡Kumamoto,Japan"
greenlabel_tw,"Tokyoâ¡Kumamoto,Japan"
greenlabel_tw,"Tokyoâ¡Kumamoto,Japan"
greenlabel_tw,"Tokyoâ¡Kumamoto,Japan"
greenlabel_tw,"Tokyoâ¡Kumamoto,Japan"
greenlabel_tw,"Tokyoâ¡Kumamoto,Japan"
greenlabel_tw,"Tokyoâ¡Kumamoto,Japan"
greenlabel_tw,"Tokyoâ¡Kumamoto,Japan"
greenlabel_tw,"Tokyoâ¡Kumamoto,Japan"
greenlabel_tw,"Tokyoâ¡Kumamoto,Japan"
greenlabel_tw,"Tokyoâ¡Kumamoto,Japan"
WilliamCobbett4,Joe Biden is a pedophile
OflAnonGrizzly,In The Cosmos ğŸ‘½ğŸ¤ŸğŸ›°ğŸŒŒğŸš€â˜„
OflAnonGrizzly,In The Cosmos ğŸ‘½ğŸ¤ŸğŸ›°ğŸŒŒğŸš€â˜„
OflAnonGrizzly,In The Cosmos ğŸ‘½ğŸ¤ŸğŸ›°ğŸŒŒğŸš€â˜„
thedarkniter,ä¸­åäººæ°‘å…±å’Œå›½
thedarkniter,ä¸­åäººæ°‘å…±å’Œå›½
thedarkniter,ä¸­åäººæ°‘å…±å’Œå›½
thedarkniter,ä¸­åäººæ°‘å…±å’Œå›½
thedarkniter,ä¸­åäººæ°‘å…±å’Œå›½
thedarkniter,ä¸­åäººæ°‘å…±å’Œå›½
thedarkniter,ä¸­åäººæ°‘å…±å’Œå›½
thedarkniter,ä¸­åäººæ°‘å…±å’Œå›½
thedarkniter,ä¸­åäººæ°‘å…±å’Œå›½
Zermin,"Berlin, Deutschland"
Internl_Leaks,World
Internl_Leaks,World
Internl_Leaks,World
SardonicusX,Cydonia
ChinAmoureuse,Port-au-Prince ğŸ‡­ğŸ‡¹ 
News247WP_break,London United Kingdom
reinharduhrig,"Wien, Ã–sterreich"
reinharduhrig,"Wien, Ã–sterreich"
reinharduhrig,"Wien, Ã–sterreich"
reinharduhrig,"Wien, Ã–sterreich"
reinharduhrig,"Wien, Ã–sterreich"
reinharduhrig,"Wien, Ã–sterreich"
reinharduhrig,"Wien, Ã–sterreich"
reinharduhrig,"Wien, Ã–sterreich"
reinharduhrig,"Wien, Ã–sterreich"
reinharduhrig,"Wien, Ã–sterreich"
reinharduhrig,"Wien, Ã–sterreich"
reinharduhrig,"Wien, Ã–sterreich"
reinharduhrig,"Wien, Ã–sterreich"
reinharduhrig,"Wien, Ã–sterreich"
reinharduhrig,"Wien, Ã–sterreich"
reinharduhrig,"Wien, Ã–sterreich"
reinharduhrig,"Wien, Ã–sterreich"
AyoiamAlice, é¦™æ¸¯
RadioFarSide,"Jakarta, Indonesia"
RadioFarSide,"Jakarta, Indonesia"
WorkCompLinda,Global
WorkCompLinda,Global
WorkCompLinda,Global
WorkCompLinda,Global
CDHKedition,Hong Kong 
BenMurphy1952,The United Kingdom 
BenMurphy1952,The United Kingdom 
BenMurphy1952,The United Kingdom 
BenMurphy1952,The United Kingdom 
BenMurphy1952,The United Kingdom 
BenMurphy1952,The United Kingdom 
BenMurphy1952,The United Kingdom 
willemdekleijn,"Leidschendam, Netherlands"
tajipong,Malaysia
Jarvis_Qoo,"Washington, DC"
Jarvis_Qoo,"Washington, DC"
coopnews,"Manchester, UK"
coopnews,"Manchester, UK"
cbpcoyle,"Sydney, AUSTRALIA"
cartoonmovement,Amsterdam
JazzUpJapan,"Osaka, Japan"
JazzUpJapan,"Osaka, Japan"
RNA_antinuclear,ITALY
RNA_antinuclear,ITALY
RNA_antinuclear,ITALY
RNA_antinuclear,ITALY
RNA_antinuclear,ITALY
RNA_antinuclear,ITALY
RNA_antinuclear,ITALY
RNA_antinuclear,ITALY
RNA_antinuclear,ITALY
Polandin_com,"Warszawa, Polska"
LifeVisio,"Lucknow Canttonment Zone, Luck"
LifeVisio,"Lucknow Canttonment Zone, Luck"
LifeVisio,"Lucknow Canttonment Zone, Luck"
LifeVisio,"Lucknow Canttonment Zone, Luck"
LifeVisio,"Lucknow Canttonment Zone, Luck"
LifeVisio,"Lucknow Canttonment Zone, Luck"
LifeVisio,"Lucknow Canttonment Zone, Luck"
LifeVisio,"Lucknow Canttonment Zone, Luck"
appledaily_hk,Hong Kong
GlobalNewsJapan,æµ·åƒå±±åƒ 
GlobalNewsJapan,æµ·åƒå±±åƒ 
GlobalNewsJapan,æµ·åƒå±±åƒ 
GlobalNewsJapan,æµ·åƒå±±åƒ 
GlobalNewsJapan,æµ·åƒå±±åƒ 
GlobalNewsJapan,æµ·åƒå±±åƒ 
GlobalNewsJapan,æµ·åƒå±±åƒ 
feiziyou,"WolfenbÃ¼ttel, Deutschland"
feiziyou,"WolfenbÃ¼ttel, Deutschland"
feiziyou,"WolfenbÃ¼ttel, Deutschland"
GourmetComrade,Soy Sauce
GourmetComrade,Soy Sauce
RyuseiNagatomo1,æ±äº¬åºœè±Šå¤šæ‘©éƒ¡
RyuseiNagatomo1,æ±äº¬åºœè±Šå¤šæ‘©éƒ¡
DonaldSitompul1,"Kalimangso gg Halim 97, 15222 "
DonaldSitompul1,"Kalimangso gg Halim 97, 15222 "
DonaldSitompul1,"Kalimangso gg Halim 97, 15222 "
DonaldSitompul1,"Kalimangso gg Halim 97, 15222 "
TruthTeam101,"#Orwell1984, USA"
TruthTeam101,"#Orwell1984, USA"
TruthTeam101,"#Orwell1984, USA"
China2ASEAN,"Jakarta, Indonesia"
China2ASEAN,"Jakarta, Indonesia"
China2ASEAN,"Jakarta, Indonesia"
China2ASEAN,"Jakarta, Indonesia"
China2ASEAN,"Jakarta, Indonesia"
China2ASEAN,"Jakarta, Indonesia"
suomibreaking,ğŸŒ
suomibreaking,ğŸŒ
suomibreaking,ğŸŒ
suomibreaking,ğŸŒ
suomibreaking,ğŸŒ
suomibreaking,ğŸŒ
travisor1,tokyo
travisor1,tokyo
travisor1,tokyo
ChinaDaily,"Beijing, China"
ChinaDaily,"Beijing, China"
ChinaDaily,"Beijing, China"
ChinaDaily,"Beijing, China"
ChinaDaily,"Beijing, China"
ChinaDaily,"Beijing, China"
ChinaDaily,"Beijing, China"
ChinaDaily,"Beijing, China"
ChinaDaily,"Beijing, China"
ChinaDaily,"Beijing, China"
ChinaDaily,"Beijing, China"
ChinaDaily,"Beijing, China"
ChinaDaily,"Beijing, China"
ChinaDaily,"Beijing, China"
shillito_ray,"North Carolina, USA"
shillito_ray,"North Carolina, USA"
ImpeachBDevos,Seditionist @SenMastriano 14:3
psmy,Japan/Canada
CalumHendrix,USA
tvytter,Tokyo
ShingetsuNews,Tokyo
ShingetsuNews,Tokyo
ShingetsuNews,Tokyo
ShingetsuNews,Tokyo
ShingetsuNews,Tokyo
ShingetsuNews,Tokyo
ShingetsuNews,Tokyo
ShingetsuNews,Tokyo
tokyowavejp,"Harajuku, Tokyo"
greendailynews,"Hackensack, NJ"
greendailynews,"Hackensack, NJ"
ubcSPPGA,"Vancouver, Canada"
Karen49434003,Texas
Karen49434003,Texas
JCSoen,Shenzhen
JCSoen,Shenzhen
PBSC_Beijing,"Beijing, China"
mcgregorrichard,Sydney
lebrila,Europe
calneeagle,Chippenham and Penge
calneeagle,Chippenham and Penge
NoCCPNoNewChina,Hong Kong is part of China
NoCCPNoNewChina,Hong Kong is part of China
NoCCPNoNewChina,Hong Kong is part of China
NoCCPNoNewChina,Hong Kong is part of China
NoCCPNoNewChina,Hong Kong is part of China
NoCCPNoNewChina,Hong Kong is part of China
NoCCPNoNewChina,Hong Kong is part of China
NoCCPNoNewChina,Hong Kong is part of China
NoCCPNoNewChina,Hong Kong is part of China
Vikezmedia,"San Jose, CA "
joseph11lim,where the heart is
CftW_NGO,"SW Calgary, Alberta"
good_karma_bon,"Tokyo, Japan"
STEM2Crisis,Pro=UK-EU-Af-Amz-Ind-Ja-AuNzUS
sandyng424,Hong Kong
sandyng424,Hong Kong
TipOSpear1,"San Diego, CA"
ms_pistolicious,United States
LowsonStudios,California
RJ_Lamendola,"California, USA"
sladecrypto,Earth
VTONGIL,United States
VTONGIL,United States
VTONGIL,United States
CaraSantaMaria,Los Angeles
cambridgegirl,BHD-MAN-BOS-DUB-PBI-GLA
cambridgegirl,BHD-MAN-BOS-DUB-PBI-GLA
UNANYC,New York City 
NeilYoungSaveUs,Brigadoon
StefanoDeCupis,AbidjanğŸ«New YorkğŸ”RomeğŸ•
EnvirHealthNews,"Bozeman, MT"
OUOTAT1,Shanghai
360onHistory,United Kingdom
LiliaDragonX,"Florida, USA"
GreenPartyofNJ,New Jersey/Lenapehoking  
1BlackArchitect,NYC to International
DDNewslive,"New Delhi, India"
DDNewslive,"New Delhi, India"
kfem,"Seoul, South Korea"
tbsnewsdotnet,"Dhaka, Bangladesh"
tbsnewsdotnet,"Dhaka, Bangladesh"
tbsnewsdotnet,"Dhaka, Bangladesh"
tbsnewsdotnet,"Dhaka, Bangladesh"
UN_HRC,"Geneva, Switzerland"
UN_HRC,"Geneva, Switzerland"
PeoplesDailyapp,"åŒ—äº¬, ä¸­åäººæ°‘å…±å’Œå›½"
PeoplesDailyapp,"åŒ—äº¬, ä¸­åäººæ°‘å…±å’Œå›½"
PeoplesDailyapp,"åŒ—äº¬, ä¸­åäººæ°‘å…±å’Œå›½"
PeoplesDailyapp,"åŒ—äº¬, ä¸­åäººæ°‘å…±å’Œå›½"
PeoplesDailyapp,"åŒ—äº¬, ä¸­åäººæ°‘å…±å’Œå›½"
BiIndia,"New Delhi, India"
davidpaulk,Shanghai
davidpaulk,Shanghai
PDChina,"Beijing, China"
PDChina,"Beijing, China"
PDChina,"Beijing, China"
PDChina,"Beijing, China"
PDChina,"Beijing, China"
IEEESpectrum,"New York, NY"
Rog_2,#Italistan / #Idiotistan
Pikachu9002,Malaysia
Pikachu9002,Malaysia
Pikachu9002,Malaysia
CGTNOfficial,"Beijing, China"
CGTNOfficial,"Beijing, China"
CGTNOfficial,"Beijing, China"
CGTNOfficial,"Beijing, China"
CGTNOfficial,"Beijing, China"
CGTNOfficial,"Beijing, China"
CGTNOfficial,"Beijing, China"
CGTNOfficial,"Beijing, China"
CGTNOfficial,"Beijing, China"
CGTNOfficial,"Beijing, China"
CGTNOfficial,"Beijing, China"
nycjim,"iPhone: 40.751663,-73.989670"
latestlaws,India
justinbyrne42,Ireland
XHNews,"Headquartered in Beijing, PRC"
XHNews,"Headquartered in Beijing, PRC"
XHNews,"Headquartered in Beijing, PRC"
XHNews,"Headquartered in Beijing, PRC"
XHNews,"Headquartered in Beijing, PRC"
XHNews,"Headquartered in Beijing, PRC"
XHNews,"Headquartered in Beijing, PRC"
XHNews,"Headquartered in Beijing, PRC"
XHNews,"Headquartered in Beijing, PRC"
XHNews,"Headquartered in Beijing, PRC"
JohnStauber,Citizen-at-Large
JohnStauber,Citizen-at-Large
JohnStauber,Citizen-at-Large
wagramcomics,"Vaucluse, Provence-Alpes-CÃ´te "
wagramcomics,"Vaucluse, Provence-Alpes-CÃ´te "
akuhnNPRnews,Seoul via Beijing via Jakarta via Beijing via London
akuhnNPRnews,Seoul via Beijing via Jakarta via Beijing via London
akuhnNPRnews,Seoul via Beijing via Jakarta via Beijing via London
socialsupermgr,"Birmingham, England"
ICSF1,Chennai and The Netherlands
ICSF1,Chennai and The Netherlands
ipasta20,"New York, NY"
BagalueSunab,Jamaica- Trinidad &Tobago
BagalueSunab,Jamaica- Trinidad &Tobago
BagalueSunab,Jamaica- Trinidad &Tobago
BagalueSunab,Jamaica- Trinidad &Tobago
BagalueSunab,Jamaica- Trinidad &Tobago
BagalueSunab,Jamaica- Trinidad &Tobago
BagalueSunab,Jamaica- Trinidad &Tobago
THEEURASIATIMES,Global
THEEURASIATIMES,Global
xyyhjk,å°ç£
xyyhjk,å°ç£
xyyhjk,å°ç£
PolygraphInfo,"Washington, DC"
PolygraphInfo,"Washington, DC"
barbthomas67,Southern Maine
AssangeHome,London and a people's world.
alshortsapp,"Dubai Marina, Dubai"
DutchFreckle,"Noord-Holland, Nederland"
renewclear1,"Belgium, renewclear@protonmail"
Asuka_SGP2,Singapore
Asuka_SGP2,Singapore
Asuka_SGP2,Singapore
China24Official,Beijing
iglobenews,"Vienna, Austria"
Lyxuan15,American NY
asithaangammana,United Kingdom
asithaangammana,United Kingdom
FiquetFlorian,"Geneva, Switzerland"
giocampa,"Tokyo, Japan"
UNGeneva,"Geneva, Switzerland"
Chinaembmanila,"Metro Manila, the Philippines"
thedaytotwit,UK
reuzbl,"Newport Beach, CA"
NatureEnergyJnl,"London, England"
recyclean_in,Mumbai
KulpaBart,"London, UK"
Worldbreakerman,ä¸­åäººæ°‘å…±å’Œå›½
DanTheRocheMan,"Basildon, Essex"
Nuke_Info,France
Nuke_Info,France
Nuke_Info,France
Nuke_Info,France
msimire,"Lagos, Nigeria"
KingLaai0927,Hong Kong
KingLaai0927,Hong Kong
KingLaai0927,Hong Kong
gonufrio,Roma
gonufrio,Roma
BNN_Breaking,England
BNN_Breaking,England
BNN_Breaking,England
APACteams,Singapore
Dwarikanathrath,Ahmedabad
Dwarikanathrath,Ahmedabad
Dwarikanathrath,Ahmedabad
Dwarikanathrath,Ahmedabad
Dwarikanathrath,Ahmedabad
ecobearwitness,"New York, USA"
ecobearwitness,"New York, USA"
ecobearwitness,"New York, USA"
ecobearwitness,"New York, USA"
ecobearwitness,"New York, USA"
ecobearwitness,"New York, USA"
RicardoRu12,"Zhengzhou,Henan Provinceï¼ŒChina"
RicardoRu12,"Zhengzhou,Henan Provinceï¼ŒChina"
EssBroussard,"Hiroshima, Japan"
ADS3KW,"Tokyo, Japan"
kyodo_english,"Tokyo, Japan"
kyodo_english,"Tokyo, Japan"
kyodo_english,"Tokyo, Japan"
kyodo_english,"Tokyo, Japan"
kyodo_english,"Tokyo, Japan"
kyodo_english,"Tokyo, Japan"
kyodo_english,"Tokyo, Japan"
kyodo_english,"Tokyo, Japan"
kyodo_english,"Tokyo, Japan"
kyodo_english,"Tokyo, Japan"
kyodo_english,"Tokyo, Japan"
kyodo_english,"Tokyo, Japan"
kyodo_english,"Tokyo, Japan"
kyodo_english,"Tokyo, Japan"
aqviry,"Hessen, Germany"
VoiceofPD,"Beijing, China"
VoiceofPD,"Beijing, China"
VoiceofPD,"Beijing, China"
VoiceofPD,"Beijing, China"
VoiceofPD,"Beijing, China"
smileypic,Tokyo
kawataru_j,æ—¥æœ¬
pdjmoo,USA and Global
MinamisomaP,"Minamisoma City, Fukushima"
CCTV_Plus,"Beijing, CHINA"
CCTV_Plus,"Beijing, CHINA"
CCTV_Plus,"Beijing, CHINA"
CCTV_Plus,"Beijing, CHINA"
CCTV_Plus,"Beijing, CHINA"
CCTV_Plus,"Beijing, CHINA"
CCTV_Plus,"Beijing, CHINA"
CCTV_Plus,"Beijing, CHINA"
CCTV_Plus,"Beijing, CHINA"
kohei_w1985,ç¦å³¶çœŒé ˆè³€å·å¸‚
Xy5Z89,"Deutschland, EU "
Xy5Z89,"Deutschland, EU "
Xy5Z89,"Deutschland, EU "
hehhehhyohyo,"YEG, YYZ, YHZ, YYG, ICN."
zzposts,United States
Echinanews,Beijing
Echinanews,Beijing
Echinanews,Beijing
Echinanews,Beijing
Echinanews,Beijing
Echinanews,Beijing
minamaya13,#FBR Brit-Euro Humanist RESIST
MimiTexasAngel,Planet Earth
Agropark,EU-US-Africa Space #Moon #Mars
UHMAsianStudies,"Honolulu, HI"
EyeThink4Myself,Connecticut
EyeThink4Myself,Connecticut
Awoken51,"Melbourne, Australia"
JunCuiZimmerli,"China, Switzerland, USA"
truth_ch,China-th
asylum817,"Paducah, KY"
megacoolmike,New York
SchenvanWen,"Ontario, Canada"
Mamako_Hitakami,Japan
zrodriguez159,Japan
Meldawson6,Boon Wurrung/Bunurong Country 
Meldawson6,Boon Wurrung/Bunurong Country 
Meldawson6,Boon Wurrung/Bunurong Country 
WipalaSnacks,#OneHealthyTribe
WipalaSnacks,#OneHealthyTribe
bprophetable,active locally globally
bprophetable,active locally globally
FestiveWarChild,West Side of USA
efmthismorning,"Seoul, South Korea"
efmthismorning,"Seoul, South Korea"
HowesNathan,"Oakville, Ontario"
swetac,"Washington, DC"
HelenIncarp,Armchair 
TheCherieBomb,"Los Angeles, CA"
farraboots,Glasgow
lycheen1n1,"Hamburg, Germany"
lycheen1n1,"Hamburg, Germany"
lycheen1n1,"Hamburg, Germany"
lycheen1n1,"Hamburg, Germany"
PDChinaBusiness,"Beijing, China"
BabyCchi,FCT Abuja
arclight2011,Ireland
news_rapha,Head Brussels Office @NABU_de.
news_rapha,Head Brussels Office @NABU_de.
news_rapha,Head Brussels Office @NABU_de.
BluessLeone,Every where you believe truth.
tianjianfeng92,"California, USA"
tianjianfeng92,"California, USA"
Liberty5380,"Memphis, TN"
WIONews,India
WIONews,India
WIONews,India
yangxintong450,Denmark
yangxintong450,Denmark
yangxintong450,Denmark
yangxintong450,Denmark
yangxintong450,Denmark
yangxintong450,Denmark
LuluWalcott1,"Los Angeles, CA"
LuluWalcott1,"Los Angeles, CA"
LuluWalcott1,"Los Angeles, CA"
Cecalli_Helper,Censored
Cecalli_Helper,Censored
Cecalli_Helper,Censored
Cecalli_Helper,Censored
Cecalli_Helper,Censored
Cecalli_Helper,Censored
Cecalli_Helper,Censored
Cecalli_Helper,Censored
Cecalli_Helper,Censored
Cecalli_Helper,Censored
Cecalli_Helper,Censored
Cecalli_Helper,Censored
Cecalli_Helper,Censored
Cecalli_Helper,Censored
Cecalli_Helper,Censored
Cecalli_Helper,Censored
Cecalli_Helper,Censored
Cecalli_Helper,Censored
Cecalli_Helper,Censored
Cecalli_Helper,Censored
shanethewriter5,Indiana
UpNorthHiker,"Ontario, Canada"
UpNorthHiker,"Ontario, Canada"
UpNorthHiker,"Ontario, Canada"
NSEnergyNews,"London, England"
UN_News_Centre,"Manhattan, NY"
UN_News_Centre,"Manhattan, NY"
ChinaDailyUSA,"New York, USA"
kevint905,"Brampton, Ontario"
kevint905,"Brampton, Ontario"
kevint905,"Brampton, Ontario"
kevint905,"Brampton, Ontario"
dr_rita39,www.kashmirhumanrights.com 
dr_rita39,www.kashmirhumanrights.com 
annmlee1,"Bay Area, CA"
ciaogirl9,Ohio
fmtoday,Malaysia
EppleMedia, South Africa
UN_SPExperts,"Geneva, Switzerland"
advocatesph,Makati City
advocatesph,Makati City
newsvandal,Just Off The Coast Of Oakland
newsvandal,Just Off The Coast Of Oakland
newsvandal,Just Off The Coast Of Oakland
StvnsFrnk,"Amsterdam, The Netherlands"
UnredactedLove,You're soaking in it ğŸŒ ğŸŒŠ 
soraazure,osaka
levenfort,Worldwide
simonahac,"melbourne, australia"
simonahac,"melbourne, australia"
DimitrisEln,London
DimitrisEln,London
zlj517,"Beijing, China"
La_Raya1,æ±äº¬
EnergyLiveNews,London
EnergyLiveNews,London
brasiwaiian,United States
Rakeshr04276591,  Beijing China 
AnnaGE_,Beijing
AnnaGE_,Beijing
AnnaGE_,Beijing
GerhardKeller7,"Berlin, Deutschland"
DailyBeijing,"Beijing, China"
DailyBeijing,"Beijing, China"
DailyBeijing,"Beijing, China"
suji724,Northern California
suji724,Northern California
SalibaJes,Malta
denz2021,Berlin
CBJAlberta,"Lethbridge, Alberta"
AlArabiya_Eng,Dubai
AlArabiya_Eng,Dubai
AlArabiya_Eng,Dubai
AreYouAwaQe,"Hellinois, USA"
TheFinancialDi2,"Quezon City, Philippines"
TheFinancialDi2,"Quezon City, Philippines"
TheFinancialDi2,"Quezon City, Philippines"
RosMathieson,London
RosMathieson,London
notiactual,"ÃœT: 11.057049,-63.856937"
notiactual,"ÃœT: 11.057049,-63.856937"
notiactual,"ÃœT: 11.057049,-63.856937"
matsuseikei21,å’Œæ­Œå±±çœŒç´€åŒ—åœ°æ–¹
mehabecapital,Germany
GlobalTelevsion,"London, England"
GlobalTelevsion,"London, England"
GlobalTelevsion,"London, England"
disclosetv,Join our community ğŸ‘‰
PulpNews,USA
PulpNews,USA
PulpNews,USA
PulpNews,USA
PulpNews,USA
PulpNews,USA
PulpNews,USA
PulpNews,USA
PulpNews,USA
PulpNews,USA
PulpNews,USA
PulpNews,USA
dw_environment,"Berlin, Germany"
dw_environment,"Berlin, Germany"
dw_environment,"Berlin, Germany"
dw_environment,"Berlin, Germany"
fluglehrer,"Vienna, Austria"
a8bitcoin,"Cymru, å°ç£, Ø§Ù„Ù…ØºØ±Ø¨"
ChinaDailyAsia,Hong Kong
maanok,seoul.. ë§ˆìŒì€ ëŠ˜ í”¼ë Œì²´...
ehornaday,USA
ehornaday,USA
ehornaday,USA
Dudomo1,Shanghai
mlnangalama,"Moncton, Canada"
pberto,Yokohama/Tokyo
StopSizewellC,East Suffolk
Miryam1968,Â»â‚âœ«â€¢â™«*ââ˜…â„•âˆªâ„œá•Ò¼â˜…â*â™«â€¢âœ«â‚Â«
SentaMarenz,ğŸ‡¦ğŸ‡¹ğŸ‡§ğŸ‡ªğŸ‡«ğŸ‡®ğŸ‡®ğŸ‡±ğŸ‡³ğŸ‡±ğŸ‡¸ğŸ‡®
dorfman_p,UK
dorfman_p,UK
dorfman_p,UK
dorfman_p,UK
dorfman_p,UK
CCTVAsiaPacific,Hong Kong
CCTVAsiaPacific,Hong Kong
CCTVAsiaPacific,Hong Kong
CCTVAsiaPacific,Hong Kong
CCTVAsiaPacific,Hong Kong
yazeidhafith,Reykjavik
CGTNGlobalBiz,"åŒ—äº¬, ä¸­åäººæ°‘å…±å’Œå›½"
CGTNGlobalBiz,"åŒ—äº¬, ä¸­åäººæ°‘å…±å’Œå›½"
CGTNGlobalBiz,"åŒ—äº¬, ä¸­åäººæ°‘å…±å’Œå›½"
Nev3rM1n8,PleiadesğŸ’«
CryptoTwitt0,"China, France, UK, Syria"
CryptoTwitt0,"China, France, UK, Syria"
SCMPAsia,Hong Kong
SCMPAsia,Hong Kong
SCMPAsia,Hong Kong
zhang_nika,Germany
zhang_nika,Germany
taro_taylor,ä¸­è¯äººæ°‘å…±å’Œåœ‹é¦™æ¸¯ç‰¹åˆ¥è¡Œæ”¿å€
ForgeRat,#extinction chronicleâŒ›
ForgeRat,#extinction chronicleâŒ›
splainerin,India
epaphotos,Worldwide
L8in,Wales
SandeZack,Kenya
MrCryptoBlinder,Uranus
Fukushima_Guide,Koriyama Fukushima JAPAN
Technotna,NIBIRU PLANET X
Technotna,NIBIRU PLANET X
Technotna,NIBIRU PLANET X
Technotna,NIBIRU PLANET X
Technotna,NIBIRU PLANET X
Technotna,NIBIRU PLANET X
NixieLAM,Hong Kong
ShanghaiEye,"ä¸Šæµ·, ä¸­åäººæ°‘å…±å’Œå›½"
ShanghaiEye,"ä¸Šæµ·, ä¸­åäººæ°‘å…±å’Œå›½"
ShanghaiEye,"ä¸Šæµ·, ä¸­åäººæ°‘å…±å’Œå›½"
NewsArirang,"Seoul, South Korea"
GBertaiola,"Verona, Veneto"
onlyanna100,Tokyo
CorpWatch,"San Francisco, USA"
bbraham,"Montgomery County, Maryland"
TibeKris,"Los Angeles, CA"
dream_er621,ëŒ€í•œë¯¼êµ­ ëŒ€êµ¬
dream_er621,ëŒ€í•œë¯¼êµ­ ëŒ€êµ¬
kirankumarwifi,"Karimnagar, India"
kirankumarwifi,"Karimnagar, India"
kirankumarwifi,"Karimnagar, India"
kirankumarwifi,"Karimnagar, India"
kirankumarwifi,"Karimnagar, India"
lennartlive,Semi permanent MATRIX 
Yoshi_MUROYA,JAPANã€€Fukushima
HCiffoni,Singapore
RCdeWinter,In your dreams...
SubbaraoSomela,"visakhapatnam, andhrapradesh."
SubbaraoSomela,"visakhapatnam, andhrapradesh."
Parsley004,Singapore
Parsley004,Singapore
Parsley004,Singapore
organicslant,The Burbs
BaronTrader,NEW YORK
japsradioactiv1,Earth
japsradioactiv1,Earth
japsradioactiv1,Earth
japsradioactiv1,Earth
japsradioactiv1,Earth
japsradioactiv1,Earth
allan_crawshaw,"Victoria, B.C."
merijoyce,Tokyo (ã ã‘ã©ä¸€å¹´ã®åŠåˆ†ã¯æµ·å¤–)
merijoyce,Tokyo (ã ã‘ã©ä¸€å¹´ã®åŠåˆ†ã¯æµ·å¤–)
merijoyce,Tokyo (ã ã‘ã©ä¸€å¹´ã®åŠåˆ†ã¯æµ·å¤–)
merijoyce,Tokyo (ã ã‘ã©ä¸€å¹´ã®åŠåˆ†ã¯æµ·å¤–)
auron83591234,Canton
auron83591234,Canton
XHscitech,"Headquartered in Beijing, PRC"
TheJayCalledLee,Tokyo
marcovloothuis,ğŸ‡¦ğŸ‡º Australia  
marcovloothuis,ğŸ‡¦ğŸ‡º Australia  
marcovloothuis,ğŸ‡¦ğŸ‡º Australia  
marcovloothuis,ğŸ‡¦ğŸ‡º Australia  
marcovloothuis,ğŸ‡¦ğŸ‡º Australia  
marcovloothuis,ğŸ‡¦ğŸ‡º Australia  
marcovloothuis,ğŸ‡¦ğŸ‡º Australia  
marcovloothuis,ğŸ‡¦ğŸ‡º Australia  
neng37766673,æ—¥æœ¬ æ±äº¬
JayTCullen,"Victoria, BC Canada"
JayTCullen,"Victoria, BC Canada"
JayTCullen,"Victoria, BC Canada"
jenkers_en,San Francisco
jenkers_en,San Francisco
jenkers_en,San Francisco
jenkers_en,San Francisco
peace_boat,"Tokyo, Japan"
peace_boat,"Tokyo, Japan"
PressenzaIPA,"Quito, Ecuador"
DrumEQ,Land of Cider
KameT2008,æ—¥æœ¬ æ±äº¬
smarsilia,"Liberty, TX"
NinjaEddie1,Japan
Y0urAnonOPS,127.0.0.0
Y0urAnonOPS,127.0.0.0
Y0urAnonOPS,127.0.0.0
Y0urAnonOPS,127.0.0.0
Y0urAnonOPS,127.0.0.0
Y0urAnonOPS,127.0.0.0
Y0urAnonOPS,127.0.0.0
Y0urAnonOPS,127.0.0.0
Y0urAnonOPS,127.0.0.0
Y0urAnonOPS,127.0.0.0
Y0urAnonOPS,127.0.0.0
Y0urAnonOPS,127.0.0.0
Y0urAnonOPS,127.0.0.0
Y0urAnonOPS,127.0.0.0
Y0urAnonOPS,127.0.0.0
Y0urAnonOPS,127.0.0.0
Y0urAnonOPS,127.0.0.0
Y0urAnonOPS,127.0.0.0
CGTN_Dialogue,Beijing
PacGeopolitics,"Port Moresby, PNG"
PacGeopolitics,"Port Moresby, PNG"
PacGeopolitics,"Port Moresby, PNG"
PacGeopolitics,"Port Moresby, PNG"
AmnestyNZ,Auckland
AmnestyNZ,Auckland
AmnestyNZ,Auckland
AmnestyNZ,Auckland
AmnestyNZ,Auckland
AmnestyNZ,Auckland
GingerMEdwin,Land of poutine & politeness.
CMA_Social,"Los Angeles, CA"
PlanetPonzi,"London, UK"
PlanetPonzi,"London, UK"
pfsmet,Gent - Belgium
takuarm,"Kelowna, BC"
QContrarian,"Washington, DC"
JamesBuysBonds,"MontrÃ©al, QuÃ©bec"
aaas,"Washington, D.C."
NadiaHo82672753,Earth I Think 
vines_realty,PLANO
sid_shenoy,"Bangalore, India "
TheGreenITGuy,"Austin, TX"
atulabhas,The United States
JoshuaBrunken,ì˜¤ë§ˆí•˜ AKA Omaha 
rblumel,USA
Momojoro1,ëŒ€í•œë¯¼êµ­
ctmock,"Chicago, IL"
bitividi,"New York, USA"
KDRose1,USA
0X7E7E,People's Republic of China
WalterSchwabe,Treaty 6/Edmonton
nikitsh,"Here, there, everywhere! "
GamerSpaced,Sol
airters,Madrid
neednewshorts,Occupied Ak-Chin land
AsiaTodayOnCGTN,Beijing
AsiaTodayOnCGTN,Beijing
AsiaTodayOnCGTN,Beijing
tampabaybucsfan,Texas/Florida
EPAresearch,11 states + DC
EPAresearch,11 states + DC
EPAresearch,11 states + DC
EPAresearch,11 states + DC
PeninsulaQatar,Qatar
PeninsulaQatar,Qatar
marczak_rob,United States
the_hindu,"Chennai, India"
the_hindu,"Chennai, India"
SilingWu,Hangzhou | Zhejiang | PRC ğŸ‡¨ğŸ‡³
SilingWu,Hangzhou | Zhejiang | PRC ğŸ‡¨ğŸ‡³
SilingWu,Hangzhou | Zhejiang | PRC ğŸ‡¨ğŸ‡³
SilingWu,Hangzhou | Zhejiang | PRC ğŸ‡¨ğŸ‡³
SilingWu,Hangzhou | Zhejiang | PRC ğŸ‡¨ğŸ‡³
SilingWu,Hangzhou | Zhejiang | PRC ğŸ‡¨ğŸ‡³
SilingWu,Hangzhou | Zhejiang | PRC ğŸ‡¨ğŸ‡³
SilingWu,Hangzhou | Zhejiang | PRC ğŸ‡¨ğŸ‡³
SilingWu,Hangzhou | Zhejiang | PRC ğŸ‡¨ğŸ‡³
SilingWu,Hangzhou | Zhejiang | PRC ğŸ‡¨ğŸ‡³
SilingWu,Hangzhou | Zhejiang | PRC ğŸ‡¨ğŸ‡³
SilingWu,Hangzhou | Zhejiang | PRC ğŸ‡¨ğŸ‡³
SilingWu,Hangzhou | Zhejiang | PRC ğŸ‡¨ğŸ‡³
SilingWu,Hangzhou | Zhejiang | PRC ğŸ‡¨ğŸ‡³
SilingWu,Hangzhou | Zhejiang | PRC ğŸ‡¨ğŸ‡³
SilingWu,Hangzhou | Zhejiang | PRC ğŸ‡¨ğŸ‡³
SilingWu,Hangzhou | Zhejiang | PRC ğŸ‡¨ğŸ‡³
SilingWu,Hangzhou | Zhejiang | PRC ğŸ‡¨ğŸ‡³
SilingWu,Hangzhou | Zhejiang | PRC ğŸ‡¨ğŸ‡³
cy_beh,ğŸŒÎ”xÎ”p â‰¥ Ä§/2ğŸŒ
ChinaTikTok2,"Central Region, Singapore"
Gjallarhornet,"Helsingborg, SkÃ¥ne Sweden"
Gjallarhornet,"Helsingborg, SkÃ¥ne Sweden"
Gjallarhornet,"Helsingborg, SkÃ¥ne Sweden"
Gjallarhornet,"Helsingborg, SkÃ¥ne Sweden"
Gjallarhornet,"Helsingborg, SkÃ¥ne Sweden"
VikingInFL,In a Gadda da Vida
DedEndStreet,"San Antonio, TX"
SeekingJustPath,"Freetown, Sierra Leone"
InsiderAsia,Singapore
dw_business,"Berlin, Germany"
dw_business,"Berlin, Germany"
JerrellZod,At Gold's Gym making gains.
JerrellZod,At Gold's Gym making gains.
JerrellZod,At Gold's Gym making gains.
JerrellZod,At Gold's Gym making gains.
JerrellZod,At Gold's Gym making gains.
threadreaderapp,Wherever threads are written..
jamespickett,"New York, New York"
ThoriumNetwork,Switzerland
yunqi_qiu,"åŒ—äº¬, ä¸­åäººæ°‘å…±å’Œå›½"
yunqi_qiu,"åŒ—äº¬, ä¸­åäººæ°‘å…±å’Œå›½"
yunqi_qiu,"åŒ—äº¬, ä¸­åäººæ°‘å…±å’Œå›½"
yunqi_qiu,"åŒ—äº¬, ä¸­åäººæ°‘å…±å’Œå›½"
yunqi_qiu,"åŒ—äº¬, ä¸­åäººæ°‘å…±å’Œå›½"
yunqi_qiu,"åŒ—äº¬, ä¸­åäººæ°‘å…±å’Œå›½"
yunqi_qiu,"åŒ—äº¬, ä¸­åäººæ°‘å…±å’Œå›½"
NucNetNews,Brussels
NucNetNews,Brussels
NucNetNews,Brussels
G4Globalism,London
G4Globalism,London
G4Globalism,London
G4Globalism,London
G4Globalism,London
G4Globalism,London
Carcru1118,"Geneva, Switzerland"
DDIndialive,"New Delhi, India"
DDIndialive,"New Delhi, India"
Fffrank_Li,Nagoya
Fffrank_Li,Nagoya
Fffrank_Li,Nagoya
Fffrank_Li,Nagoya
kevpar,"Chigasaki, Japan"
RMBlaber56,"Northamptonshire, England."
JiapingSun,Netherlands
Jerubbaal2,"Cali, Valle del Cauca"
Jerubbaal2,"Cali, Valle del Cauca"
seshat360,"Austin, Tx"
climatemorgan,"Amsterdam, The Netherlands"
climatemorgan,"Amsterdam, The Netherlands"
climatemorgan,"Amsterdam, The Netherlands"
dna,India
RusEmbUSA,"Washington, DC"
RusEmbUSA,"Washington, DC"
RusEmbUSA,"Washington, DC"
Gbaghazi,Tunisia
_LiveLifeMag,Manchester
brightKNIGHT124,Undisclosed
AndryMerlin,Mexico
foraggio_f,Piemonte - Piedmont
CoRouis,GeneveğŸ‡¨ğŸ‡­MihamağŸ­æ³•äººbankéŠ€åº§ğŸ¢
rajat_jn,Delhi
murakamiwood,KawehnÃ³hkwes tsi kawÃ¨:note
murakamiwood,KawehnÃ³hkwes tsi kawÃ¨:note
murakamiwood,KawehnÃ³hkwes tsi kawÃ¨:note
murakamiwood,KawehnÃ³hkwes tsi kawÃ¨:note
tameryazar,Turkey-Israel
BeAnEarthNut,Long Island New York
BeAnEarthNut,Long Island New York
Sediment_Sheep,åŒ—äº¬ ä¸­å›½
finteched,"The Spectrum, England "
finteched,"The Spectrum, England "
EmiHermes,"DÃ¼sseldorf, Alemania"
zhang_heqing,Pakistan
jamesinparis,Paris
statecraftdaily,"Mumbai, India"
Bobbin1224,Kobeâ†’CO/OKâ†’Vï¼¡â†’Kobe
SFSK8rGrrl,"San Franpsycho... ""Allegedly"""
SFSK8rGrrl,"San Franpsycho... ""Allegedly"""
femiokes,"London, UK"
g_costanz,Brussels 
g_costanz,Brussels 
SustainUKorg,UK
rikkimoore666,"Maidstone, South East"
DrHeynenStrat,Dr. Heynen EI
t__m_a_y,"Oakland, CA"
greenplanetpr,London
miyatanaka0803,"Washington, DC"
miyatanaka0803,"Washington, DC"
miyatanaka0803,"Washington, DC"
LockdownFace,Midgard
sunmanpatu,"Queens, New York"
zzxang86,Beijing
zzxang86,Beijing
zzxang86,Beijing
illuminol,Sydney
ayu_ishiwatari,tokyo
NEWSam_English,Armenia
KhumicM,zhengzhou
KhumicM,zhengzhou
KhumicM,zhengzhou
itaegun,"Seoul, Korea"
rafaelmgrossi,"Vienna, Austria"
rafaelmgrossi,"Vienna, Austria"
puporiccio,"Italia ğŸ‡®ğŸ‡¹, â˜­ğŸŒğŸŒğŸŒâ˜­ "
puporiccio,"Italia ğŸ‡®ğŸ‡¹, â˜­ğŸŒğŸŒğŸŒâ˜­ "
GreenGrounded,"Neuston, Oxidane, Deva Victrix"
ChinaPlusNews,"Beijing, China"
ChinaPlusNews,"Beijing, China"
ChinaPlusNews,"Beijing, China"
ChinaPlusNews,"Beijing, China"
ChinaPlusNews,"Beijing, China"
ChinaPlusNews,"Beijing, China"
ChinaPlusNews,"Beijing, China"
MrJnow,"Alberta, Canada"
Cronin617,"Boston,MA"
journeyheart,Cyberspace
journeyheart,Cyberspace
Dylakk,"Parts Unknown, United States"
NewsPerpetual,South Africa
NewsPerpetual,South Africa
RagefulMagi,"Tokyo, Japan"
RagefulMagi,"Tokyo, Japan"
RagefulMagi,"Tokyo, Japan"
Sherryovercome,"California, USA"
Sherryovercome,"California, USA"
XjReport,XINJIANG
XjReport,XINJIANG
enjiesong,"åŒ—äº¬, ä¸­åäººæ°‘å…±å’Œå›½"
enjiesong,"åŒ—äº¬, ä¸­åäººæ°‘å…±å’Œå›½"
enjiesong,"åŒ—äº¬, ä¸­åäººæ°‘å…±å’Œå›½"
enjiesong,"åŒ—äº¬, ä¸­åäººæ°‘å…±å’Œå›½"
SAMSoceannews,"Oban, Scotland"
SAMSoceannews,"Oban, Scotland"
PHSpacking,"Suzhou, China"
Indsamachar,India
airnewsalerts,"New Delhi, India"
airnewsalerts,"New Delhi, India"
MelanieJin2,"Dublin City, Ireland"
Xinenboo,Shanghai China
Xinenboo,Shanghai China
Xinenboo,Shanghai China
Xinenboo,Shanghai China
Xinenboo,Shanghai China
Xinenboo,Shanghai China
Hong_Kong97,ğŸŒ
peterwardgd,Northwich Cheshire UK
BerimVega,Aotearoa
BerimVega,Aotearoa
hI81WhjWjTkeI9J,"zhengzhou,henan,China"
hI81WhjWjTkeI9J,"zhengzhou,henan,China"
OsDiste,Roma
1Blue_Green,GMT +8 
Frontlinestory,"Beijing, China"
Frontlinestory,"Beijing, China"
Frontlinestory,"Beijing, China"
ilRosano,"Bologna, Italy"
Monkey_King666,South China
BiancaJoyner13,Sydney
IWAHQ,"London, UK"
shen_shiwei,"Beijing, China "
shen_shiwei,"Beijing, China "
Stig_sen,"Barcelona,Espana"
JefeAgui,Mexico/CostaRica/'Straya/USA
htgromm9,"Christchurch City, New Zealand"
htgromm9,"Christchurch City, New Zealand"
ahmedabadmirror,"Ahmedabad, Gujarat"
SearchRapusia,Stellenbosch - South Africa
CDAfricaNews,"Nairobi, Kenya"
IG95lSMlecMnf10,ä¸¸å¤ªå…±å’Œå›½
Gax67378810,"Shandong, China"
bob03929586,La oÃ¹ lâ€™on ne mâ€™attend pasğŸ˜‡
LionelFatton,Geneva
s_smoker,"California, USA"
usao2017,"British Columbia, Canada"
rex_xie0727,People's Republic of China
paris16eme2,Japan
paris16eme2,Japan
paris16eme2,Japan
paris16eme2,Japan
BNF75,France
BNF75,France
BNF75,France
BNF75,France
BNF75,France
BNF75,France
ramon_wilhelm,Germany
CliffKMann,"Sydney, Australia"
danip2303,"Rieti, Italia "
DeloneStan,"Chicago, IL"
DeloneStan,"Chicago, IL"
DeloneStan,"Chicago, IL"
DeloneStan,"Chicago, IL"
DeloneStan,"Chicago, IL"
DeloneStan,"Chicago, IL"
DeloneStan,"Chicago, IL"
AJWasahi,Tokyo's Tsukiji district
AJWasahi,Tokyo's Tsukiji district
AJWasahi,Tokyo's Tsukiji district
AJWasahi,Tokyo's Tsukiji district
AJWasahi,Tokyo's Tsukiji district
indino_matteo,"Torino, Piemonte"
SeaHedger,Singapore
GeorgeSeah88,Singapore
waifai,new york
waifai,new york
waifai,new york
realZach_Chao,"In ğŸ‡²ğŸ‡¾, ğŸ‡¹ğŸ‡¼,ğŸ‡­ğŸ‡° or ğŸ‡¨ğŸ‡³"
SpokespersonCHN,ä¸­å›½ï¼ŒåŒ—äº¬ Beijing PRC
SpokespersonCHN,ä¸­å›½ï¼ŒåŒ—äº¬ Beijing PRC
1000news_de,Bad Homburg v. d. H.
Ethan0309Uobcs,"London, England"
LuckySonicosmos,"Uttar Pradesh, India ğŸ‡®ğŸ‡³"
manyee0921,Shen Zhen
lkbj07,Sri Lanka
B7Toi,Fujian
bojacobs,@globalhibakusha
libijian2,"St.20,Block-4,Clifton,Karachi"
libijian2,"St.20,Block-4,Clifton,Karachi"
libijian2,"St.20,Block-4,Clifton,Karachi"
shinjennie,views my own
_jacobsanders_,"Pennsylvania, USA"
takoshi139,"Tokyo, Japan"
Anthony_tech2,USA
Anthony_tech2,USA
Anthony_tech2,USA
BCWildfireWkly,"British Columbia, Canada"
BCWildfireWkly,"British Columbia, Canada"
JackBrzezinski,Chicago IL
mlw975,"Robinson, TX"
kammanfung,Hong Kong
kammanfung,Hong Kong
PaulHuangReport,"Kaohsiung City, Taiwan"
MuttMan72,Now Earth
VietnamNewsVNS,Vietnam
BrycenBartolome,"Portland, OR"
KalvStranger,Tokyo
KalvStranger,Tokyo
BeijingReview,Worldwide
Kingfashion90,"New Delhi, India"
BEEHIVETOURS,LV USA
shayeharty,Unceded Wurundjeri Land
FoEAsiaPacific,Malaysia
The_Japan_News,"Tokyo, Japan"
blairpalese,"Sydney, Australia"
Sue93244126,Guangzhou
joannabasile,Music City
_ritmo_,"Death Cult, Brasil"
tkatsumi06j,Clubhouse: @givingtreeintnl
billtong15,Canada
momo_factory,ëŒ€í•œë¯¼êµ­
CurtinMedia,Curtin University
Sophia78105890,Zhengzhou
missroze_,Melbourne
hotleadenema,"Wall Street, NY, USA"
jeanneyacoubou,USA
Khumic1,Zhengzhouï¼ŒHenan ï¼ŒChina
allergytonews,Moon ğŸŒ‘
rider_40,æ±äº¬ åƒä»£ç”°åŒº
Mike_G_YYC,"Calgary, Canada"
PeaceWa89515519,Universal. Everywhere ğŸ˜
sonnpinn,æ—¥æœ¬
Botong_Zhao,The Greater China Region
sustainablesuzy,"Petaluma, CA"
HanPeng15040090,"Washington, DC"
news_ntd,"New York, NY"
Cinqscories,"Paris, France"
HunterHGrey,Seattle
l8sing,Days Before Rodeo
andyfullmetal,"Sydney, New South Wales"
firstpunkyangel,Dauborn/Hessen/Germany
halcyonirisss,The Netherlands
quotes_chomsky,Beyond the Doctrinal Framework
quotes_chomsky,Beyond the Doctrinal Framework
ILA_Canada,Canada
ILA_Canada,Canada
lytc261695065,China
VegasVisions,"Las Vegas, Nevada"
VegasVisions,"Las Vegas, Nevada"
VegasVisions,"Las Vegas, Nevada"
VegasVisions,"Las Vegas, Nevada"
hozhor,North Pacific Ocean
_kawo3,ãŠã¨ãª
menghu_nankuru,vagabond å‰ç§‘(ã‚¢ã‚«ã‚¦ãƒ³ãƒˆå‡çµ) 3çŠ¯
Ryan_W_Tang,"Adelaide, South Australia"
Faster_Bunny,"Toronto, ON ğŸ‡¨ğŸ‡¦"
Tweet_Father,USA
hikaju,Australia
shonquis,Istanbul/Brooklyn/San Fran 
jasperrosa,Spain
spartacus598,"Bourbon City, Kentucky"
SeafoodHeadline,"Lynnwood, WA"
seatechcorp,"Lynnwood, WA"
MarceTyS,"ViÃ±a del Mar, Chile"
MarceTyS,"ViÃ±a del Mar, Chile"
sleep_soothing,United States
sleep_soothing,United States
idrobinhood,"Idaho, USA"
MoRaY1959,In the Middle of Nowhere
theasianherald,India
GiuseppeArevole,Polistena (RC)
Baka_62,The Netherlands
Baka_62,The Netherlands
gruesomegull,world citizen
pdeppisch,"Ontario, Canada"
BaboonLibido,Welcome to wherever I am...
nmsonline,nick.stylianou@sky.uk
TrudiBishop007,Earth
TheIdealist_0,Global
TortSusan,West UK
coloradofree,Duranged CO
mfly1971,"Memphis, TN"
mfly1971,"Memphis, TN"
mfly1971,"Memphis, TN"
YujiangZhu,"Stratford, London"
WeatherRadarUS,"Miami, Florida"
SpaceOttie,SoCal
ninonaprea,Los Angeles
JackKruf,"Breda, The Netherlands"
TheLaughMakers,"Studio City, California"
TheLaughMakers,"Studio City, California"
TheLaughMakers,"Studio City, California"
ziontree,"South West, England"
winstonmoreton,#Gisborne Tairawhiti - East Co
winterlongone,sol 3
JaccoTon,Waskemeer
Chris_UK_,Essex
SergioGussoni,Milano
kaplanikids,NYC ğŸğŸ—½â£ï¸
VinnieGreen,"Fergus Ontario, Canada"
TheGlobalSpring,"Berkeley, CA"
thenewstribe,"Islamabad, Pakistan"
temari_hn,ç¥å¥ˆå·çœŒ
ccbigcam,"Scotland, United Kingdom"
LooTina,"Vancouver, Canada"
niraj4all,Silvassa
QiMi64563215,"City of London, London"
QiMi64563215,"City of London, London"
QiMi64563215,"City of London, London"
QiMi64563215,"City of London, London"
TimMaddog,TÃ¢i-Ã´an-kok â€¢ Taiwan â€¢ å°ç£åœ‹
JustSayingtit,This blue planet
i_nautilus,England
MendacityAbout,"On diverse inclusive culture, "
HiroM_IE_UK,/lost+found
jamesnt,the #Net
circlesmiler,Rostock/Germany
JadeJasmine111,"Melbourne, Victoria"
JadeJasmine111,"Melbourne, Victoria"
VicGreensEDA,"Victoria, British Columbia"
staymediang,"Lagos, Nigeria"
CartoVista,"Gatineau, QuÃ©bec"
MrSalmanShah2,"Dhaka, Bangladesh"
JohnBasham,"Fort Worth, TX"
jftaveira1993,Portugal
jftaveira1993,Portugal
PigeonExpress_,online
cosmicfirepeace,Earth
JukkaPartanen3,"Kerava, Finland"
saramo,"Essex, England"
YangYan60107172,"Markham, Ontario"
LoraInAlberta,Alberta
NewsHamster1,"Bengaluru, India"
Speak_Visually,"New Orleans, LA"
hyumikosz,ğŸ“‚ ğ—¦ğ—§ğ—¥ğ—”ğ—¬ ğ—ğ—œğ——ğ—¦! ç§ã®5äººã®å¥³ã®ç§ã®æ‚²ã—ã„æ—¥ã€…ã‚’æ˜ã‚‹ãã™ã‚‹5äººã®å¤©ä½¿ äººã®å¥³ã®å­ãŒãƒ•ã‚¡ãƒ³ã®ãŸã‚ã«æ‰èƒ½ã¨å–œã³ã‚’æ‰‹ã«ã—ã¦ã„ã¾ã™ ğ–¬ğ–¸ ğ–¡ğ–®ğ–¸ğ–² % å½¼ã‚‰ã¯ç´ æ™´ã‚‰ã—æ›²ã‚’ä½œã‚‹ã ã‘ã§
RogueBalam,LatAm/Mexico 
Kelly_Li,"Los Angeles, CA "
SeaElbeeHillsea,Hillsea
NikSense8,New Mexico
EmaDelRosso,"Amsterdam, The Netherlands"
StarValueAU,"starvalue@yahoo.com.au, starvalueau@gmail.com"
shocklaka,Cloud
IntlLawMatters,United States
jamiegray,"CT, USA"
kuwaittimesnews,Kuwait
Parismom2,"Regina, Saskatchewan"
Erwin73_,Hell and Darkness
SchoolingDiana,"Washington, USA"
SchoolingDiana,"Washington, USA"
ScanlanWithAnA,"Glasgow, Scotland"
KRTpro_News,London
KRTpro_News,London
eightpix,Canada
DBigalous,"East St Louis, IL"
DBigalous,"East St Louis, IL"
GNBSocial,ğŸŒ
Bacon4Pres,Cast Iron Skillet (Chicago)
sure_winning1,"Kano, Nigeria"
RohitPa14294783,Nallasopara  Mumbai
warrior2_writer,"Pennsylvania, USA"
warrior2_writer,"Pennsylvania, USA"
warrior2_writer,"Pennsylvania, USA"
SaveGaza55,"Palestine , Gaza"
julienjr,Lebanon
PinePinion,England
OSBAuthor,Eastern Pennsylvania
OSBAuthor,Eastern Pennsylvania
CaringInfo,CA
lluisahicart,Formentera BenicÃ ssim II.BB
LatinReporters,Au soleil
GregoireMarcelo,"Cambridge, UK"
DanButcher2,New York City
seekdivinetruth,@Twitter SHADOW BANNED Me ğŸ¤¬
Wingloss,Estoy aquÃ­ 
rohininworld,Tkaronto
EndlessTrees,Scotland
biscuits_09,Japan
biscuits_09,Japan
biscuits_09,Japan
LunaCreative,Perth Ontario Canada
GBADigitalMedia,South Africa
scriptyrose,United Kingdom
MickToledo,Amsterdam
WangChit121,Worldwide
IanBaker1983,"Essex, UK"
12MileGeo,Portland and other locations.
sabz832,ğŸ‡©ğŸ‡ª
LIANJ73716718,"Athens, GA"
WashNewsLine,"Washington, DC"
WashNewsLine,"Washington, DC"
ZenithMediaCND,"Montreal, Quebec, Canada"
Djambo1990,"Berlino, Germania"
FW1SHINE,"Gardena, CA"
Seunawosikanews,"Lagos, Nigeria"
BibiMaghoo,Terra
YukaF24,Paris 
MarDuVill,Ciudad de MÃ©xico
BRIDGES_SDT,Hometown is the earth
CapitalPayton,"Connecticut, USA"
jun4_23,"London, England"
bossman_streetz,Worldwide
ljmabon,"Oban, Scotland"
ljmabon,"Oban, Scotland"
ljmabon,"Oban, Scotland"
Laurel_Standley,"Walnut Creek, CA"
MIT_SSP,"Cambridge, MA, USA"
SartreGodin,æ¶äººè°·
SartreGodin,æ¶äººè°·
CleGirl17,"Ohio, USA"
MichelaGallo20,Chile
MichelaGallo20,Chile
Anthonysfaraway,"Texas, USA"
KoichiroMatsu1,æ±äº¬ æ¸‹è°·åŒº
danfaraci,"Washington, DC"
undercur,"London, UK"
thefortisautos,Nigeria
Tscott875,"Traverse City, MI"
GNgraphicnews,London
EvilWowWowWubzy,Knocking noggins on Nick Jr
Atheist1886,"Motherwell, Scotland"
DanielLPCQI,"The North, England"
Orano_usa,"Bethesda, MD"
be_elzabozo,"Piscataway, NJ"
JolerSharp,"Birmingham, England"
Sjladuke75Susan, NJ Shore
Chen1036108861,People's Republic of China
JmeDubya,Beautiful Southern Nevada
ACLRC,"Calgary, Alberta"
MYW2HMN,Detroitï¼Œ MI
MYW2HMN,Detroitï¼Œ MI
NavinSinghKhadk,London
Pe4_Br4in12,"New York, that's it."
HanyTheTigerMan,Norway_Oslo
SR_Jay,"Minneapolis, MN is home"
feng_yujia,"Stuttgart, Deutschland"
betassured01,"Abuja, Nigeria"
SteamFlyerJames,Savage Pellucidar 
sollog,Universe
robertropars,"Chicagoland, IL"
Leadman71,United States
WHOI,"Woods Hole, Mass."
bernieblac,Preston
RubenDArvizu,"California, USA"
BBCKasiaMadera,"London, England"
BBCKasiaMadera,"London, England"
HyperObserver,"Austin, Texas"
breButterfly,Connecticut
bigbluecleanup,Global
slainbyelf,Belfast
keanespirit,"Alderley Edge, Cheshire, Engla"
rjwaterstreet,Liverpool
indepen32792753, ä¸­åäººæ°‘å…±å’Œå›½
France24_en,"Paris, France"
France24_en,"Paris, France"
France24_en,"Paris, France"
Anthony01375841,"Hong Kong, Guangzhou, SG"
GrahamElgin,North Eastern England
ajcomic,inside u
CarriWeatherwax,worldwide
Zez_Li,"Louisiana, USA"
Zez_Li,"Louisiana, USA"
Zez_Li,"Louisiana, USA"
Joeanthony_nyc,#StGeorge~#StatenIsland~#NYC
mjhall,802
FoxinMaang45,"Qingdao, Shandong"
LAHT,America Latina
davidstehle,NYC âœˆï¸ Moab
holden_chow,Hong Kong SAR
QuipPonder,Amsterdam area
_badrick,"Queensland, Australia"
_badrick,"Queensland, Australia"
_badrick,"Queensland, Australia"
YunzhengC,"Henan, China"
Laurie_David,Los Angeles
ChrisWongsar,"Hong Kong, China"
ChrisWongsar,"Hong Kong, China"
ghosztbirdwiz,Parallel University
marmadukedando,London
craigtimes,St. Petersburg FL
bisamkatze,"å¤©ã®å·éŠ€æ²³å†…ï¼ˆã„ã¦åº§A*ã‹ã‚‰25,640å…‰å¹´ã«ã‚ã‚‹çŒ«å±‹æ•·å†…ï¼‰"
gomurciaspain,Spain
DButler1958,"Texas, USA"
prtcll,"Tokyo, Japan"
Jenisey123,"Long Beach, CA"
dargoh_sugo,Corea
JacksonBinting,New York USA
One_News_Page,"New York, USA"
One_News_Page,"New York, USA"
pomulholland,"Manhattan, NY"
CGTNTech,"Beijing, China"
simontsein21,WUH
evltwnHD1,the Cave
PrancerPaw,"California, USA"
KristianHarstad,London
mcdpeach,"Hilltop, Tacoma, WA"
u7YQusxcUpJz2xu,ç¥å¥ˆå·çœŒ é€—å­å¸‚
jtatsuno,USA
SapphoMedusa,Pray for the World
timebendtowards,SGP | ex-Edinburgh; Oregon
timebendtowards,SGP | ex-Edinburgh; Oregon
paslapulpe,France Frankrike
Justis4u2,#FreeMeds #IsraelWarCrimes#PPE
ride_stuff,West
humanspan,"Bellwether State, USA"
distantshores,"Te Whanganui-Ä-Tara, Aotearoa"
williamat11,Earth
williamat11,Earth
williamat11,Earth
williamat11,Earth
williamat11,Earth
BetweenTheSun,USA
TopFeaturedcom,Top Featured Businesses: GO ğŸ‘‰
Humanfactor7,Montreal & Cambridge (MA)
Ms_ShirleyLoh,NYC
tafrishaala,India
SUST4IN,Spain
kmtatri,Suomi | Finland 
foeeurope,Brussels
lesnla,"Boston, MA"
PoliticalCupid,Floating around somewhere 
EveningStandard,"London, United Kingdom"
AFP,France
KevinMonk,"Whitstable, Kent, UK"
StarSparkle_UK,Sheffield
StarSparkle_UK,Sheffield
tezuma75,"San Francisco, singapore "
mwcartoons,Nederland
HouseOfStorm,Mars
tdt4023,"Scottsdale,AZ"
crooksandliars,U.S.A.
wadimarndt,"NÃ¼rnberg, Bayern"
wadimarndt,"NÃ¼rnberg, Bayern"
wadimarndt,"NÃ¼rnberg, Bayern"
eTravelAlerts,Worldwide
HenriApophenius,"LA, Telluride, Surrey & Here "
RobertMargolis,New York
austindetrick2,"å¹¿ä¸œ, ä¸­åäººæ°‘å…±å’Œå›½"
rosamourlam,Outer space
Martian_______,"London, England"
womanbecool,"New York, NY"
trutherbotnet,the internets
UncutGlobe,United States
KiwiPMI,"Toronto, Canada"
BethPapaleo,"NoLIta, Manhattan"
heraldscotland,Scotland
MidwestProle,"Ohio, USA"
S_ProXy,æ±äº¬ ä¸­å¤®åŒº
S_ProXy,æ±äº¬ ä¸­å¤®åŒº
S_ProXy,æ±äº¬ ä¸­å¤®åŒº
bradrubinson,"Boynton Beach, FL"
Mikeuntold,Little England
newsbluntmedia,India
informedvoting,New York City
BonbonMichele,"Palo Alto, CA"
Antipiretico,Chile
kofak_youseff,T.O. and Winters in FLA baby! 
MrXBlac,Ubiquitous
SocialnnPolitic,"Austin, TX"
KDallasHammond,Detroit MI USA
KDallasHammond,Detroit MI USA
disaster_lawyer,Upstate
disaster_lawyer,Upstate
socialnn,"Austin, Texas, USA"
SBrother27,Berlin
NegroDeckard,"Copia Feliz del Eden, le dicen"
charluv2011,California by way of Belize
No_25kiyoko,æ—¥æœ¬
benavides_marta,el salvador 
benavides_marta,el salvador 
benavides_marta,el salvador 
itsnoahagain,North Jersey
BCNewsWire,Canada
rural51,The Land of Cheese
kurian_v,"Tokyo-to, Japan"
kurian_v,"Tokyo-to, Japan"
Di2022Di,"Los Angeles, CA"
Di2022Di,"Los Angeles, CA"
AGirlAndHerPets,Azeroth
HoustonsJoe,"South Houston, TX"
sharjah24,Ø¯ÙˆÙ„Ø© Ø§Ù„Ø¥Ù…Ø§Ø±Ø§Øª Ø§Ù„Ø¹Ø±Ø¨ÙŠØ© Ø§Ù„Ù…ØªØ­Ø¯Ø©
sharjah24,Ø¯ÙˆÙ„Ø© Ø§Ù„Ø¥Ù…Ø§Ø±Ø§Øª Ø§Ù„Ø¹Ø±Ø¨ÙŠØ© Ø§Ù„Ù…ØªØ­Ø¯Ø©
ValeryMell1,E.Romagna-IT - 
EnergyJvd,Europe
OmarShahkar,"Islamabad, Pakistan"
OmarShahkar,"Islamabad, Pakistan"
OmarShahkar,"Islamabad, Pakistan"
Martial_Police,Unfaithful4Lyf
mia_deplorable,Illinois
youngpontiff,Detroit via Wall Street
MikeRimbaud1,New York City
GraviolaDOTfi,"Espoo, Suomi"
MdHanna31785267,"Dhaka, Bangladesh"
arnopeck,Firenze
SpinItSocial,NY/NJ
LanceASchart,"Chicago, IL USA"
Indiannewsnetw2,"Bhopal, India"
LkWarm,"Rome, Italy - Beaulieu, France"
NikkeiAsia,Tokyo
NikkeiAsia,Tokyo
NikkeiAsia,Tokyo
srbnews0,europe
LSbyMO,"Rome, Lazio"
TheNisargSoni,"Ahmedabad City, India"
HenryK_B_,USA
HenryK_B_,USA
haystacktv,"San Francisco, CA"
missmaitai71,london
itz_udaya_,"Ichchapuram, India"
thierryshead,"Khlong Toei, Bangkok"
wraithfodder,Spring is here!
SlimexSny,Hong Kong
colorblindk1d,"New Jersey, USA"
luciearl, MN
LamireauT,"Annecy, France"
tamys46,malaysia
RealSimon_Phang,Tianjin
bobc_hsem,New England
exosaturday,"New Iberia,Louisiana "
firstpost,"Mumbai, India"
Nicknackwalker,Cornwall/ME/California/Mallorc
mrsverypicky,Glasgow environs.
xtYao,"New York, NY"
98Dailythoughts,The Edge of Nowhere
Hiro_Lee8,"Nishinomiya, Japan"
EIA_News,London UK
BrianAnthonyBo1,"Houston, Texas"
eyesonfoxorg,On the dark side of the moon.
leuven2020,Belgium
seaandcoast1,"New Delhi, India"
aem1lia,mars
aem1lia,mars
aem1lia,mars
aem1lia,mars
aem1lia,mars
Do13qFvBG9o5E27,"Nieuwmarkt/Lastage, Amsterdam"
imendangerous,Coastal MA
TheirVictoria,"Craftsbury, VT"
JaspiesMate,North West England
azur_heike,Hessen
ShookaBidarian,"London, England"
chriskclark,Portland | Missoula 
Disqeet,United States
Disqeet,United States
MariaMCasey,Europe
cornelstef,Germany
grasimar,"Wuppertal, Germany"
IndMediaGroup,"Camber, England"
secure_aj,Global citizen
CubaMac24,OmniPresent
CubaMac24,OmniPresent
DhananjayAsia,"Mumbai, (ASIA)"
shaneyounglol,Winnipeg
101stmonk3y,The Back of Tiamat
AntoninoVallesi,Padova
HEditroom,Far-East
RealPhatsBlog,North America
Fufu_Ginko,å†²å›½
WtxNews,"London, England"
WtxNews,"London, England"
deepgreendesign,"Harvey Bank, New Brunswick, ğŸŒ"
Mondayfreemary,Ireland
Mondayfreemary,Ireland
Mondayfreemary,Ireland
tuittocose,"Roma, Lazio"
AceLi799,"Belfast, Northern Ireland"
interactive_key,"Istanbul, Turkey"
DavideCrusader,Southern Africa
MartynNamorong,Papua New Guinea
_charlesperry,London
Seer_media,"City of London, London"
kathleendoler,"Northern California, USA"
TheFahimi,Berlin
pamjwo,"Minnesota, USA"
lunaMonroe21,United Kingdom
FrSocialista,Italia
floracozzi,Rome Italy
floracozzi,Rome Italy
floracozzi,Rome Italy
BillyMallard,Tokyo
Linfeng_Ji,é¦™æ¸¯
SnowAndBeach,London / Essex
ManalShehabi,"Oxford, England"
Ataraxias10,Greece
WickedChild7,"äº¬éƒ½åºœå®®æ´¥å¸‚ã ãª (Miyazu City, Kyoto)"
kravietz_,"Reading, UK"
Th3Zer0,127.0.0.1
KBSKorea24,"Seoul, Korea"
JeanChiasse,dans le voisinage
ArtistJCompton,UK
whitelynx,Milky Way
4B5kQOj1BioZNMa,"Guangzhou, China"
mrgnz,K
wnewsjournal,All Around The World
Wintersparv,"London, England"
cnewq5,Earth
KaijuPictures,UK
TonarinoJUGAsan,å¤ªé™½ç³»ç¬¬3æƒ‘æ˜Ÿ  æµ·ã¾ã§ğŸš²8åˆ†
pqpolitics,"Vancouver, BC"
DH8IyEIBwMFTMvW,ç¥å¥ˆå·çœŒ
johivo,overal
UKERCHQ,"London, UK"
rhianpig,Sheffield UK
Tzeetch,127.0.0.1
FraukePixel,Wien|Linz|Berlin|Eindhoven
miska84224179,Xian(è¥¿å®‰). China
melierax_eco,"Berlin, Deutschland"
EvaLaw73319192,china
AutomaticEarth,Atlantic Ocean
AutomaticEarth,Atlantic Ocean
PhraAthit,Berlin
mojos55,Lancashire
LegalKant,"Paris, France"
na2eastday,"ä¸Šæµ·, ä¸­åäººæ°‘å…±å’Œå›½"
EveF24,France
RickCapelli28,"Roma, Lazio"
PB_Rumen,sLOVEnia
stevie2511,ğŸ´ó §ó ¢ó ³ó £ó ´ó ¿
peterhubinskyx,"Pezinok, Slovakia"
yicaichina,"Shanghai, China"
scoopingnews,"London, UK"
SangomaD,"IBAYI, South Africa"
stratosathens,flying around the world
stratosathens,flying around the world
stratosathens,flying around the world
JordanJCDwyer,"South East, England"
totozanzibar,"Zanzibar, Tanzania"
STDMessiah,Unamaâ€™ki (The Land of Fog)
OriginalKooLaLa,Dublin
yuic,æ—¥æœ¬ åŒ—æµ·é“ èŠ½å®¤
TempsPensee,NY-Paris-Milan-Montcuq
TheBrexitPartly,Northern Europe (Glasgow)
LeicsGreenParty,"Leicester, UK"
bydlightyear,zhejiang
FiyyazAhmed_06,WORLDWIDEğŸŒ
FiyyazAhmed_06,WORLDWIDEğŸŒ
FiyyazAhmed_06,WORLDWIDEğŸŒ
chriostoir_g,The People's Republic of Cork
MilaZenji,Venice Eu ğŸ‡ªğŸ‡º Barre MA ğŸ‡ºğŸ‡¸ 
Loveorl_Nancy,"Irvine, CA."
trovadordasilva,"Lisboa, Portugal"
CORY06,Helvete
baex,"Berlin, Germany"
karlfranzmann,"Hong Kong, China"
THETOPSECRET1,UK
RealityEstateNZ,New Zealand
RealityEstateNZ,New Zealand
chinascio,"åŒ—äº¬, ä¸­åäººæ°‘å…±å’Œå›½"
JamilaJemstone,London
saada186,Islamabad
B2Investor,Online
dtvr12,France
donatellaluisa,Roma
SifGraywolf,Principality of Liechtenstein
TankDreaming,Macau
uno_mondo,é•·é‡ æ¾æœ¬å¸‚
_ShubNiggurath_,"My Woods, too near your place."
biac_ac,åå¤å±‹ã®åŒ—ã®ã»ã†ã«ä½ã‚“ã§ã‚‹
iambros,Barcelona
JamieCharles28,London
spaghet_vr,"Cape Town,  South Africa"
HarryLocoMusic,The Netherlands
BowieTheBull,dogetown
bear44willis,"Lichfield, England"
RedEyesWide,"New York, NY #HArlem not SoHa"
MickeyTulip,"Palo Alto, CA"
ThisAndThat71,"ğŸŒ´ğŸŒ´ğŸŒ´Florida, USAğŸŒğŸ’™"
Gerrykeogh2002,Scotland
YAN60713325,"Birmingham, England"
editorneindia,"New Delhi, India"
buchfieber,"GrenzgÃ¤ngerin, mittendrin"
misakoboto,"Brisbane, Queensland"
the_news_21,"Mumbai, India"
the_news_21,"Mumbai, India"
AnimalNsw2015,Sydney Australia
ferozwala,E
ferozwala,E
rajveeryadav00,New Delhi
AspiringOne,"Palm Beach Gardens, FL"
zolinphoto,Venice
jupiterjenny,Kanagawa
carlesdijous,"Barcelona, Spain"
DemandFactsNow,"Oak Bluffs, MA"
BKN_7102,Philippines
yiji_k,Beijing 
Whippenz,San Francisco/East Bay Hills
ieexplained,"New Delhi, India"
dw_hotspotasia,Bonn
ProthomAlo,"Dhaka, Bangladesh"
johinterm,Wien
Ila285,Milan
PeculiarBaptist,"San Diego, CA"
mohamedseeneen,Male' Maldives
zoezhang22,People's Republic of China
zoezhang22,People's Republic of China
AlfieJapanorama,Tokyo
AlfieJapanorama,Tokyo
AlfieJapanorama,Tokyo
AlfieJapanorama,Tokyo
AlfieJapanorama,Tokyo
AlfieJapanorama,Tokyo
AlfieJapanorama,Tokyo
AlfieJapanorama,Tokyo
AlfieJapanorama,Tokyo
CiaranStrange,Texas-616 ğŸ³ï¸â€âš§ï¸ Êœá´‡â‹†á´›Êœá´‡Ê
sbrdoon,Edinburgh
renfish2004,Shanghai
yys790717113,onmyoji
yys790717113,onmyoji
yys790717113,onmyoji
yys790717113,onmyoji
yys790717113,onmyoji
yys790717113,onmyoji
yys790717113,onmyoji
yys790717113,onmyoji
yys790717113,onmyoji
yys790717113,onmyoji
yys790717113,onmyoji
yys790717113,onmyoji
yys790717113,onmyoji
GeraMudit,"New Delhi,India"
ItsZachree,"Indianapolis, IN"
C_W_UK,"HyÃ¨res, France"
HappinessPatrol,"Istanbul, Turkey"
jannikkel6,Berlin
TaisiyaVerna,KL
ssms30,moomooland
nguyenm81359580,viet nam
nguyenm81359580,viet nam
bsindia,India
bsindia,India
VinnyVanYiffy,"NE, Ohio"
bethanyejc,London
_MaxineSM_,"Seattle, WA"
AsifHossain513,Barishal Bangladesh
friesovercries,"Bengaluru South, India"
lizhengyuan712,Zhengzhou
byemaxshreck,New Orleans
michelehemming,"Mesquite, NV"
thefirstindia,"Jaipur, India"
NH_India,"New Delhi, India"
bonste,"Nice, France"
callmeephraim7,"Denver, CO"
WenWen_Ha,California ğŸ’‹
FraserhillZen,"Wingham, New South Wales"
siyuan34074726,London
siyuan34074726,London
iaeaorg,"Vienna, Austria"
iaeaorg,"Vienna, Austria"
Macheath1,"Shrewsbury, Shropshire, UK"
GRS_en,"Cologne, Germany"
cumpstonarchive,Cumbria
a94530420,Australia
Ahamkaramustgo,Oostende
BaaghiTV,Pakistan
GrienauerBach,Planet Earth
sailorrrrrrrr1,å°ç£
wirenews,Everywhere
GulfTimes_QATAR,Al Hilal - C Ring Road
CharlotteWolf,Toronto
Gregoriancant,"Oregon, USA"
lovemoz1,ğŸŒ´Moorea in the past/future
Andrewilliam69,london town uk
CalmUxie,"Illinois, USA"
zahidul_islam,"Dhaka, Bangladesh"
dtdan03,B.O.
Eazzayyy,London
MasterMastabah,Earth
k_helca,My dog â„ğŸ•â„ @SnowdogChampion
k_helca,My dog â„ğŸ•â„ @SnowdogChampion
k_helca,My dog â„ğŸ•â„ @SnowdogChampion
k_helca,My dog â„ğŸ•â„ @SnowdogChampion
k_helca,My dog â„ğŸ•â„ @SnowdogChampion
vinceunlimited,"South of England, UK"
Ku_Nyathi,"Leicester, England"
World_Number2,World #2
kimnonymousy,Japan
FatemaS62850067,USA
PieterVisscher,Earth
JerryHicksUnite,"Bristol, England"
akanna_42,"Mumbai, India"
IndianThnKtanK,India
knicknamej,"Harlem,  NYC"
JemmCh13,"Texas, USA"
nevinmillan,"Los Angeles, CA"
eroupetravel330,Germany
NST_Online,Malaysia
NST_Online,Malaysia
CathyLi90530847,ä¸­åäººæ°‘å…±å’Œå›½
AnthonyTilghman,DMV
UrvashiPrakash,Boardroom
editorji,"Sultanpur, New Delhi"
StefWenzel,Niedersachsen
medianut,"Dubai, UAE"
zorinstv,"worldwide, India, UAE, KSA"
tickerNEWSco,International News Channel
upstartmagazine,"Melbourne, Australia"
upstartmagazine,"Melbourne, Australia"
justjimiseadawg,"Seattle, WA"
iamadarsha,Durgapur
LogicalIndians,India
RebHarms,Wendland/Germany 
daviddelapaz,Latinoamerica
PhotoTelegram,Global
bXetta7EzIiZjDv,æ¨©åŠ›å…¨ä½“å¸‚å ´åŸç†ä¸»ç¾©oräººæ¨©ç¤¾ä¼šä¿éšœå¹³å’Œä¸»ç¾©
satyam_AC,"Nashik ,india"
TMReserve,Malaysia
mariocavolo,www.facebook.com/mariocavolo 
interstellarCHN,"Nanjing, China"
monkeytinkerin,Chicago
QuickTechPro,Global
mediaindiagroup,Paris
thegalonthego,"Seattle, WA"
dindjic,London
LokmanKaradag1,"Kuala Lumpur, Malaysia ğŸ‡²ğŸ‡¾"
LokmanKaradag1,"Kuala Lumpur, Malaysia ğŸ‡²ğŸ‡¾"
LokmanKaradag1,"Kuala Lumpur, Malaysia ğŸ‡²ğŸ‡¾"
ISAbella_P_PARF,Switzerland 
ISAbella_P_PARF,Switzerland 
DuddleyDuddley,"New York, NY"
TheHoardPlanet,"Karnataka, India"
RalphGMWorks,"Los Angeles, California - USA"
RalphGMWorks,"Los Angeles, California - USA"
Dailyaddaa,New Delhi
DavidinSetouchi,Takamatsu
EATegrity_Sonia,south africa
EATegrity_Sonia,south africa
LifeAsFound,UK
DamianPayne1,Ballarat Aust
Rainman951,"Toronto, Ontario"
DonMonteCristo1,"Calgary, Alberta"
ormiga,Paris old EU
ormiga,Paris old EU
ormiga,Paris old EU
whoops_sisi,England
claudiacragg,blank space
claudiacragg,blank space
Yezhou_Yang,"Tempe, AZ"
SDLGX1,People's republic of China
tapia_echanove,"Adelaide, South Australia"
China_Fact,Beijing
IndiaAheadNews,India
EmmaSengsta,Cologne-Rhineland-World
dpsainte,"California, USA"
SOAlliance,"San Francisco, CA"
AnnaGarleff,Everywhere
PanicFantasy,If it's all the same to you
taijimn,Mars
AdamLerich,France
MariaKappatou,Athens-Greece
MariaKappatou,Athens-Greece
mathewjosephc1,New Delhi
JohnLocker4,"Gold Coast, Queensland"
mayday_ai,"California, USA"
thetribunechd,Chandigarh
itsdylangray,"St. Thomas, Ontario"
dailystarnews,Bangladesh
ommzk,ToxiCity:
PragativadiNews,"Bhubaneswar, India"
ParulChandraP,New  Delhi
DoctorJKJ,"Los Angeles, CA"
iQvod,the People's Republic of China
Loraxpro,Los Angeles
NonghuaNews,Beijing
aerbani,"åŒ—äº¬, ä¸­åäººæ°‘å…±å’Œå›½"
plogmanofindia,India
MNowNews,"Kuala Lumpur, Malaysia "
i24NEWS_EN,Jaffa Port
neurondetective,he/him
YAHWEH_RADIO,SEOUL
YAHWEH_RADIO,SEOUL
TheWuhanClan,Mandate of Heaven
igor_os777,"Delaware, USA"
medjak40,Australia
petacredlinhub,"Melbourne, Victoria"
Rounder70,Citizen of the world
RichKleinCrisis,NY/NJ
JuliaFello,Milwaukee
kambrone64,"Anh Chá»‹ Em,  LÃªn ÄÆ°á»ng"
Hellacious_K,"New York, NY"
BreakinNewz01,Pennsylvania
Lucinda_Louisa,United States
dmac5dmark2,"Jeju Island, South Korea"
qingqingparis,Beijing
digitaljournal,Global
digitaljournal,Global
digitaljournal,Global
SpartaGrrl,nowhere yet
christineharmel,EU / USA
AsiaMediaMag,"Los Angeles, CA"
labudi10,"Melbourne, Victoria"
Sino_Market,Shanghai HongKong
Rock231976,Australia
AttilioCotroneo,Italia
Jeannie_Hartley,worldwide
SSPatel_,"New Delhi, India"
PNW98382,"Seattle & Sequim, WA  |  PNW"
3lprof3,"White Plains, NY"
energy_blogger,"Dubai, United Arab Emirates"
energy_blogger,"Dubai, United Arab Emirates"
iwuzhigang,"Taiwan province, China.ä¸­åœ‹è‡ºç£çœ"
iwuzhigang,"Taiwan province, China.ä¸­åœ‹è‡ºç£çœ"
ArthurLarsen,"Lancaster, PA"
Azure_Lucy88,Japan
EvelynShuang,China
Paralelluni37,Sonoran Desert 
SHIMADEN,Japan
SHIMADEN,Japan
YingliZhao,é¦™æ¸¯
TweetRain007,Japan
TweetRain007,Japan
TweetRain007,Japan
smarski,Chicago 50 miles west
China__Focus,"Beijing, China"
PdotHdot,blue dot
UN_AC,"Ichinomiya,Aichi,Japan"
GhoshArunabha,"New Delhi, India"
MYMA_NJ,Princeton 
ArbiterAnubis,Valley of the Dead
LughDouble,Beijing
so_rahman,"Doha, Qatar"
DannyWijnhoud,often Amsterdam NL
BadonkaDoge,There are no rulers in Monica
BadonkaDoge,There are no rulers in Monica
DarMagnani,Vienna + Milano
PeterBeirut,https://www.youtube.com/watch?v=L1ChzDzSbh4
aruralkid,"37.0902Â° N, 95.7129Â° W"
alina52,ëŒ€í•œë¯¼êµ­ ì„œìš¸
anniebodnar,earth 
sequoia2001,"Tama, Laniakea Supercluster å¤šé­”"
ll89qu,å¸‚å·æ©‹ã‚’è¡Œã£ãŸã‚Šæ¥ãŸã‚Š
StylisteVampira,Planet 9
rumireports,"Tokyo, Japan"
saleem_ali,Delaware USA / Queensland AU 
saleem_ali,Delaware USA / Queensland AU 
xunxun365,Tokyo
LeoFeldmanNEWS,"Miami, FL"
ile_cezembre,ParamÃ©
Romi88888888,"ä¸Šæµ·, ä¸­åäººæ°‘å…±å’Œå›½"
CometsMum,Canada
xalwho,"Asia, North America, Downunder"
BikerChinese,50%ğŸ‡¨ğŸ‡³10%ğŸ‡²ğŸ‡³40%ğŸ‡¦ğŸ‡º
Liuyang6141,"Melbourne, Victoria"
newsnowforyou1,Around Here
theseoulvillage,Seoul
anonopshispano,Global
tansa_english,Tokyo
jadynbsham,Hong Kong by way of Australia
robert__gibbons,"Brooklyn, NY"
Terris_Muhammad,Chicago
espialtoday,"Houston, Texas"
vubblePOP,Everywhere
vubblePOP,Everywhere
YcIGsEW5P1lKSl5,PanmunjomíŒë¬¸ì  
KandyWongSmith,Asia & NYC
3nat34,roma
WangGuanBeijing,Beijing
xuchuanmei,"Perth, Western Australia"
MadamMiaow,London
UniEastFinland,Joensuu/Kuopio
NoNukesBerlin,Berlin
michi_yoshikawa,"Tokyo-to, Japan"
EsportsWomen,Australia
EsportsWomen,Australia
RORONOAYM,å¤©æ´¥
RORONOAYM,å¤©æ´¥
RORONOAYM,å¤©æ´¥
greenpeacepress,NL
naokilaw,"Tokyo, Japan"
randysandcastle,Fanville
_J_McPherson,Alternatives 2 Ldn Ont Police 
liuzhiyao,"Leicester, England"
Marx46475118,Singapore 
NewJerseyNewPS,"New Jersey, USA"
pnagency,At the Barricades 
Bostonasian,Tokyo Japan
ChinaBazzar,Out of Darkness Cometh Light !
Flemington455,"Planet Jupiter , just landed"
phantom_smol,Georgia
JonathanLGregor,Australia
CGTN_Culture,"Beijing, China"
S_Benjaming,From Central to South.
_CatSis_W0man,wherever
TripFiction,World
FULLSPEC2003,ç¦å³¶çœŒéƒ¡å±±å¸‚ä¸­ç”º10-7 1F
bitcores,"Miyagi-ken, Japan"
WhatsLeftofDems,United States
EevaRuokosalmi,Finland Europe
AMG26,ğŸŒ
counterOlympics,London
raftofwater,California/Nevada/Arizona
SamSasser,Ft. Lauderdale
meanwhile_dan,"BucureÅŸti, RomÃ¢nia"
ArielleCurtin,Upstate NY
jmenace379,"California, USA"
EmmalynCooperM1,ğŸ‡ºğŸ‡¸ï¼ğŸ‡¯ğŸ‡µ
CryptowaterSi,Republic of Slovenia
molderlyouma,é«˜çŸ¥çœŒé¦™ç¾å¸‚é¦™åŒ—ç”º
Jtallafuss,Orlando Fl
CGTNGraphics,"Beijing, China"
LadelleStromei,"near Rome, GA, from Santa Fe"
DawnRoseTurner,"Comox Valley, BC"
DawnRoseTurner,"Comox Valley, BC"
wssgreens,West Vancouver
InfinitePFilms,"Colorado, USA"
ProspectUpdate,London
ProspectUpdate,London
splainerin,India
splainerin,India
venlaelena,"Helsinki, Finlandia"
protectthebasin,"Midland, Texas"
protectthebasin,"Midland, Texas"
protectthebasin,"Midland, Texas"
protectthebasin,"Midland, Texas"
protectthebasin,"Midland, Texas"
After_Fukushima,toronto
NuclearWaste1,Canada
harshadsharma23,Mumbai
VEEPCA,"California, USA"
JuanyKeville,"Dun Laoghaire, Ireland"
LillyGrillzit,"Pacific Northwest, N.A."
_hiddenagenda,Interwebs
tajipong,Malaysia
LowsonStudios,California
Neptanow,Worldwide
Dragofix,Finland
CaraSantaMaria,Los Angeles
ChinaBazzar,Out of Darkness Cometh Light !
jasmin_diab,Australia
pdjmoo,USA and Global
buddy_dek,"New York, N.Y."
DeepIsolation,"Berkeley, CA"
Centaurus_ESHS,Tweets are by editorial team
EHCenterVU,"Amsterdam, The Netherlands"
dorfman_p,UK
PD_Intl,"Beijing, China"
EMTVOnline,Papua New Guinea
KTHEnvHumsLab,"Stockholm, Sweden"
alanrycroft,#yyj Victoria BC Canada Earth
smarsilia,"Liberty, TX"
PNASNews,"Washington, DC"
JiapingSun,Netherlands
msjayele,"Melbourne, Australia"
dani0skar,"Berlin, Deutschland"
THE_Russell,"Brisbane, Australia"
Girrali,ğŸ¦ Murrumbidgee Wiradjuri Language
LilEthanChan1,"Los Angeles, CA"
votelau,Treaty 4 territory
SaberWang123,People's Republic of China
_hiddenagenda,Interwebs
AmarWag75004512,India
AmarWag75004512,India
may_shelikes,ç”ŸããŸã„ã‚ˆã†ã«ç”Ÿãã‚‰ã‚Œã‚‹å ´æ‰€ğŸ€
annaPHd9pj,UK
annaPHd9pj,UK
Wintersparv,"London, England"
Wintersparv,"London, England"
tajipong,Malaysia
VandREVOLUTION,"Earth, Solar System"
yarmyarch,"San Francisco, CA"
JCSoen,Shenzhen
JCSoen,Shenzhen
JCSoen,Shenzhen
ChinaDaily,"Beijing, China"
ChinaDaily,"Beijing, China"
ChinaDaily,"Beijing, China"
ChinaDaily,"Beijing, China"
ChinaDaily,"Beijing, China"
ChinaDaily,"Beijing, China"
ChinaDaily,"Beijing, China"
ChinaDaily,"Beijing, China"
ChinaDaily,"Beijing, China"
Rec_A_Dork,Sky Sanctuary Zone
cynthiabasinet,#military-industrial-Congressi
cynthiabasinet,#military-industrial-Congressi
cynthiabasinet,#military-industrial-Congressi
joseph11lim,where the heart is
sandyng424,Hong Kong
sandyng424,Hong Kong
RaviSpooner,127.0.0.1
Neptanow,Worldwide
NeilYoungSaveUs,Brigadoon
OUOTAT1,Shanghai
kfem,"Seoul, South Korea"
BiIndia,"New Delhi, India"
BiIndia,"New Delhi, India"
Pivotupdigital,Canada
ChinaPlusNews,"Beijing, China"
ChinaPlusNews,"Beijing, China"
ChinaPlusNews,"Beijing, China"
Ajaydv97,India
CCTV_Plus,"Beijing, CHINA"
CCTV_Plus,"Beijing, CHINA"
Worldbreakerman,ä¸­åäººæ°‘å…±å’Œå›½
KingLaai0927,Hong Kong
KingLaai0927,Hong Kong
KingLaai0927,Hong Kong
KingLaai0927,Hong Kong
Joe1Yin3,"Waynesboro, VA"
globaltimesnews,"Beijing, China"
globaltimesnews,"Beijing, China"
globaltimesnews,"Beijing, China"
globaltimesnews,"Beijing, China"
EssBroussard,"Hiroshima, Japan"
ADS3KW,"Tokyo, Japan"
VoiceofPD,"Beijing, China"
VoiceofPD,"Beijing, China"
PixstoryApp,Washington D.C.
SchenvanWen,"Ontario, Canada"
myfogo,Singapore
amrokadri,"El Faioum, Egypt"
SteveStJohn,Dallas/Fort Worth
juulmaster,"Illinois, USA"
tianjianfeng92,"California, USA"
tianjianfeng92,"California, USA"
waynechelsea1,Trinidad and Tobago
waynechelsea1,Trinidad and Tobago
MehniG,Ciudad de MÃ©xico
ColbySumner,"Burlington, NC"
mashimaroooo,France
AlcarazJayc,"Fresno, CA"
UpNorthHiker,"Ontario, Canada"
UpNorthHiker,"Ontario, Canada"
UpNorthHiker,"Ontario, Canada"
UpNorthHiker,"Ontario, Canada"
UpNorthHiker,"Ontario, Canada"
UpNorthHiker,"Ontario, Canada"
UpNorthHiker,"Ontario, Canada"
UpNorthHiker,"Ontario, Canada"
UpNorthHiker,"Ontario, Canada"
UpNorthHiker,"Ontario, Canada"
UpNorthHiker,"Ontario, Canada"
aam_insaaan,India.
LOUiE7D8,"PA, USA"
Serene_Guan,Toronto
fayaw2014,"Michigan, USA"
qubt3,"Cape Town, South Africa"
EppleMedia, South Africa
HiddlestonNancy,"Cambridge, England"
BeijingReview,Worldwide
BeijingReview,Worldwide
dr_rita39,www.kashmirhumanrights.com 
YoussefKuhail,Middle East
Lehlogonolo0121,Johannesburg
Lehlogonolo0121,Johannesburg
Nev3rM1n8,PleiadesğŸ’«
Muhmmad93252926,"Punjab, Pakistan"
sofiafloris,"London, England"
TBC_Cruz109_CN,"Hangzhou,China"
Yu_haotian,ä¸­åäººæ°‘å…±å’Œå›½
arcow,beijing
peijin_zhang,Beijing
Dyeoll1,Earth
NoCCPNoNewChina,Hong Kong is part of China
NoCCPNoNewChina,Hong Kong is part of China
NoCCPNoNewChina,Hong Kong is part of China
THEEURASIATIMES,Global
y_yuan9,"East Lansing, MI"
WONG_Kin_Cheong,Hong Kong
SubbaraoSomela,"visakhapatnam, andhrapradesh."
KameT2008,æ—¥æœ¬ æ±äº¬
smarsilia,"Liberty, TX"
NinjaEddie1,Japan
CGTN_Dialogue,Beijing
GiuliaOlivaUK,"City of London, London"
TYehenara,"Munich, Bavaria"
eauxwatson,"London, England"
GTribuneNews,New Delhi
yatshen2,United State
amandakgrace,LOS ANGELES 
QiMi64563215,"City of London, London"
QiMi64563215,"City of London, London"
QiMi64563215,"City of London, London"
QiMi64563215,"City of London, London"
QiMi64563215,"City of London, London"
QiMi64563215,"City of London, London"
QiMi64563215,"City of London, London"
HeyMrX_,People's Republic of China
aaravcool00,"Bengaluru, India"
JerrellZod,At Gold's Gym making gains.
bunny_cyberpunk,Alpha Centauri  
bunny_cyberpunk,Alpha Centauri  
bunny_cyberpunk,Alpha Centauri  
G4Globalism,London
G4Globalism,London
G4Globalism,London
G4Globalism,London
G4Globalism,London
G4Globalism,London
realcookgreen,Earth Republic
realcookgreen,Earth Republic
wangxingyu1999,"åŒ—äº¬, ä¸­åäººæ°‘å…±å’Œå›½"
MarianaVisions,"Los Angeles, CA"
JNULaiHuiru,"ä¸­åŒº, æ–°åŠ å¡"
HotpotOily,United States
brightKNIGHT124,Undisclosed
vajoylan,Shenzhen
KarinDomoto,"Nara-shi, Nara"
jetevois1307,China
realjlate,End of the Internet
zhang_heqing,Pakistan
interstellarCHN,"Nanjing, China"
hikaju,Australia
hikaju,Australia
hikaju,Australia
Communist66,Wuhan Pneumonia city
ouzt6,Grim reape.hura Forbidden Land
ouzt6,Grim reape.hura Forbidden Land
ouzt6,Grim reape.hura Forbidden Land
___Theopie,"England, United Kingdom"
Timviewer,"Seoul, South Korea"
ayu_ishiwatari,tokyo
WorldHumanRig10,"Shanghai,P.R.China"
ChloeLaai980927,é¦™æ¸¯
Cronin617,"Boston,MA"
NewsPerpetual,South Africa
NewsPerpetual,South Africa
CGTNStories,"Beijing, China"
XjReport,XINJIANG
XjReport,XINJIANG
XjReport,XINJIANG
XjReport,XINJIANG
XjReport,XINJIANG
PHSpacking,"Suzhou, China"
pigflyhigher,China
TheKoreaHerald,"Seoul, Korea "
TheKoreaHerald,"Seoul, Korea "
xxxchen6,ä¸­åäººæ°‘å…±å’Œå›½
MelanieJin2,"Dublin City, Ireland"
MelanieJin2,"Dublin City, Ireland"
MelanieJin2,"Dublin City, Ireland"
MelanieJin2,"Dublin City, Ireland"
MelanieJin2,"Dublin City, Ireland"
MelanieJin2,"Dublin City, Ireland"
MelanieJin2,"Dublin City, Ireland"
MelanieJin2,"Dublin City, Ireland"
Fffrank_Li,Nagoya
zhang_nika,Germany
zhang_nika,Germany
Xinenboo,Shanghai China
685043194,Sydney 
685043194,Sydney 
685043194,Sydney 
AmyLin0,ä¸­åäººæ°‘å…±å’Œå›½
zhengcheng675,ä¸­åäººæ°‘å…±å’Œå›½
northcitywang,Shanghai
northcitywang,Shanghai
northcitywang,Shanghai
Hxuanxuan,HongKong
leehami7407,"Oxford, England"
yangchengkai,Earth
Celia_Guo1108,ä¸­åäººæ°‘å…±å’Œå›½
Celia_Guo1108,ä¸­åäººæ°‘å…±å’Œå›½
IG95lSMlecMnf10,ä¸¸å¤ªå…±å’Œå›½
khanzhang4,å…°å· ä¸­å›½
JosephGreenBU,"Boston, MA"
AndreaYucy,BC CA
iamkapilan,Sri Lanka
Anna82082302,"Melbourne, Victoria"
LiRunci,"Boston, MA"
LiRunci,"Boston, MA"
rex_xie0727,People's Republic of China
rex_xie0727,People's Republic of China
rex_xie0727,People's Republic of China
rex_xie0727,People's Republic of China
rex_xie0727,People's Republic of China
Dari_LQH,Canada
JaumeArmengolv,Catalunya
wangyi_sh,"ä¸Šæµ·, ä¸­åäººæ°‘å…±å’Œå›½"
zhangpianpian2,Nowhere to live
zhangpianpian2,Nowhere to live
Chris82895304,"Hong Kong, China"
MABTaylor,"Auckland, NZ"
katia_huangq,People's Republic of China
manyee0921,Shen Zhen
realZach_Chao,"In ğŸ‡²ğŸ‡¾, ğŸ‡¹ğŸ‡¼,ğŸ‡­ğŸ‡° or ğŸ‡¨ğŸ‡³"
realZach_Chao,"In ğŸ‡²ğŸ‡¾, ğŸ‡¹ğŸ‡¼,ğŸ‡­ğŸ‡° or ğŸ‡¨ğŸ‡³"
AngelRickta,Sydney
JIJUNKIM8536,ëŒ€í•œë¯¼êµ­
MoeSayz,"Arlington, VA"
lisaandscarlett,"Sydney, New South Wales"
sammiwhat,"Hong Kong, China"
sammiwhat,"Hong Kong, China"
KatekuiBeijing,Beijing
QAltynai,PRC
QAltynai,PRC
waifai,new york
waifai,new york
ThePulseIndia,India
Netzachcat,"Tronto, Canada"
HenaS0r,"åŒ—äº¬, ä¸­åäººæ°‘å…±å’Œå›½"
kammanfung,Hong Kong
kammanfung,Hong Kong
BrycenBartolome,"Portland, OR"
meera029,"Kolar/Bangalore, India "
SaanyaChopraDua,"Los Angeles, CA"
AnnaGE_,Beijing
AnnaGE_,Beijing
Sophia78105890,Zhengzhou
HelianthusTQ,ä¸­å›½åŒ—äº¬
NormalcyBias,"Michigan, USA"
jeanneyacoubou,USA
WangZhe11906861,"Jakarta Capital Region, Indone"
WangZhe11906861,"Jakarta Capital Region, Indone"
LGLman,New Earth
celestehntsy,Guangdong
grumpypupupu,"Sydney, New South Wales"
ElectricFrsi,china
XXXNGRUI,Shaanxi
XXXNGRUI,Shaanxi
Syrianwhispers,London
Botong_Zhao,The Greater China Region
justin_wifeJuly,People's Republic of China
halcyonirisss,The Netherlands
whodesignwho,London
_kawo3,ãŠã¨ãª
d10sk0ur0s,"Earth, Solar System"
Potato41112230,Germany
Tweetingnowforu,Generally a couch 
YujiangZhu,"Stratford, London"
JohnLee79855590,People's Republic of China
KatInMoonlight,"Vienna, Austria"
SergioGussoni,Milano
windy1010,uk
sekiss23,"New York, USA"
niraj4all,Silvassa
kris_lee123,"Hubei,China"
missxoxi,Uk
missxoxi,Uk
missxoxi,Uk
Lovestatistix,"California, USA"
TipOSpear1,"San Diego, CA"
LTrctrc,Florida Native now in W TX
virtualalien,London / New York
RogueBalam,LatAm/Mexico 
wangyt8609,"Los Angeles, CA"
EmaDelRosso,"Amsterdam, The Netherlands"
Parismom2,"Regina, Saskatchewan"
Jentyme,"Miami, FL"
VinnieHuang2,"Austin, TX"
ChloeLXxG,United Kingdom
ositauk,God's own country #Yorkshire 
LatinReporters,Au soleil
BenMurphy1952,The United Kingdom 
BensJari,"Hidden Hills, CA"
BensJari,"Hidden Hills, CA"
oqB7nmnhtiFTkCG,ä¸­åäººæ°‘å…±å’Œå›½
QiuChunhao,Chinatown Kuala Lumpur
QiuChunhao,Chinatown Kuala Lumpur
CapitalPayton,"Connecticut, USA"
shi_youyou,"Cardiff, Wales"
shi_youyou,"Cardiff, Wales"
YuxiangLian2,"Massachusetts, USA"
be_elzabozo,"Piscataway, NJ"
emmarabid,ï¾–ï¾› ãƒ’
pnagency,At the Barricades 
pnagency,At the Barricades 
Leadman71,United States
hirokoinkobe,"Kobe, Japan"
LadyLaVena,All Around The World
kmreddy,"New York, USA"
dargoh_sugo,Corea
One_News_Page,"New York, USA"
EdisonXYF,SH
Sinphoney,New Zealand
Sinphoney,New Zealand
CaDoucette71,"Maine, USA"
jaggirm,mumbai
AcadieStudio,-
tafrishaala,India
RoachKing6,Your Mom's Bedroom
wadimarndt,"NÃ¼rnberg, Bayern"
wadimarndt,"NÃ¼rnberg, Bayern"
wadimarndt,"NÃ¼rnberg, Bayern"
veevvie,"Atlanta, GA"
EnActNow,"Paris, France"
PeninsulaQatar,Qatar
AnnBradfield,"Toronto, Ontario"
UncutGlobe,United States
292735468,"San Francisco, CA"
Jettie_Chen,People's Republic of China
SSEq0U91tMeeSsC,"Moral, Sanity, Courage, Wisdom"
julian_west,Wherever I Am That Day...
ZhengguanNews,"Zhengzhou, Henan, China."
AriaaJaeger,Colorado
bsubram,"New York, NY"
Seafood_Legacy,"Tokyo-to, Japan"
UddeshyaAgniho1,India
SpinItSocial,NY/NJ
Indiannewsnetw2,"Bhopal, India"
shimingZSM,"Sydney, New South Wales"
MinaShikantaza,Currently Korea
SlimexSny,Hong Kong
xinhengs,Beijing
captainsacks,China Shanghai
babyjays,"London, WC2H 9JQ"
ImHemkumar,"Navi Mumbai, India"
cornelstef,Germany
shaneyounglol,Winnipeg
VivianO7o5,Barcelona 
WtxNews,"London, England"
sprlawrence,"Barossa, South Australia "
lainedaisey,"Barnet, London"
gaynorduncan,Scotland
shingzzzzzzz,California
Tibby12298920,"åŒ—äº¬, ä¸­åäººæ°‘å…±å’Œå›½"
kambanner,Qazvin 
W42547242,"Wales, United Kingdom"
Amaya1531,United States
LizannV,"Sydney, Australia"
shernjerner,"New Delhi, India"
davepenny47,"Razac-d'Eymet, France"
Frontlinestory,"Beijing, China"
Oliver_Prudhoe,"England / Scotland, U.K."
Winnie37529660,Hong Kong
Winnie37529660,Hong Kong
Winnie37529660,Hong Kong
Winnie37529660,Hong Kong
Winnie37529660,Hong Kong
Winnie37529660,Hong Kong
Winnie37529660,Hong Kong
Winnie37529660,Hong Kong
Winnie37529660,Hong Kong
Winnie37529660,Hong Kong
Winnie37529660,Hong Kong
PhDScholarCC,#IsThisYours?
makeGreateAgain,"Whitehouse, OH"
makeGreateAgain,"Whitehouse, OH"
makeGreateAgain,"Whitehouse, OH"
makeGreateAgain,"Whitehouse, OH"
makeGreateAgain,"Whitehouse, OH"
makeGreateAgain,"Whitehouse, OH"
bydlightyear,zhejiang
starry_ljh,Laputa
MilaZenji,Venice Eu ğŸ‡ªğŸ‡º Barre MA ğŸ‡ºğŸ‡¸ 
trovadordasilva,"Lisboa, Portugal"
climate_sarah,"Chelmsford, East"
dtvr12,France
DJ____Red,Universal
Cinemapaithiyan,"Pondicherry, India"
TankDreaming,Macau
ShinoharaDaniel,"å¹¿ä¸œå¹¿å·, ä¸­åäººæ°‘å…±å’Œå›½ğŸ‡¨ğŸ‡³"
random19961,"æµ™æ±Ÿ, ä¸­åäººæ°‘å…±å’Œå›½"
random19961,"æµ™æ±Ÿ, ä¸­åäººæ°‘å…±å’Œå›½"
random19961,"æµ™æ±Ÿ, ä¸­åäººæ°‘å…±å’Œå›½"
YAN60713325,"Birmingham, England"
buchfieber,"GrenzgÃ¤ngerin, mittendrin"
WANGLyric1,Mainland China and HK
the_news_21,"Mumbai, India"
the_news_21,"Mumbai, India"
CSmithxmas,"San Francisco, CA"
CSmithxmas,"San Francisco, CA"
DataDick81,"Scotland, United Kingdom"
Outlookindia,"New Delhi, India"
Sankar1776,Here! 
HanSeanna,"Madison, WI"
pepperliu,"Hackney, London"
Moritz_V,Germany
lsusaintswon,BAYOU COUNTRY
nguyenm81359580,viet nam
Pick2333,People's Republic of China
CGTNTech,"Beijing, China"
robust1989,023 é›¾éƒ½ é‡åº† æ¸
robust1989,023 é›¾éƒ½ é‡åº† æ¸
otr_alexander,Melbourne
lizhengyuan712,Zhengzhou
siyuan34074726,London
siyuan34074726,London
BaaghiTV,Pakistan
sailorrrrrrrr1,å°ç£
sailorrrrrrrr1,å°ç£
williamat11,Earth
JerryHicksUnite,"Bristol, England"
CathyLi90530847,ä¸­åäººæ°‘å…±å’Œå›½
JiminThaGod,"Austin, TX"
daisyyysiad,"Paris, France"
editorji,"Sultanpur, New Delhi"
SartreGodin,æ¶äººè°·
SartreGodin,æ¶äººè°·
SartreGodin,æ¶äººè°·
SartreGodin,æ¶äººè°·
ryzxlee,China
KChaneru,Tokyo
Jacobczs,"Toronto, Ontario"
Axy666,People's Republic of China
Axy666,People's Republic of China
fpjindia,India
lamainlee,"Philadelphia, PA"
lamainlee,"Philadelphia, PA"
junhuicy,forever young
sugaisagus,shadow
sugaisagus,shadow
sugaisagus,shadow
HELLO_XYY,"Manhattan, New York"
85wRYtESCT74nDO,Beijing
KriotersH,Suxia
KriotersH,Suxia
capple48264756,People's Republic of China
AnnaGarleff,Everywhere
M8CHINA,è¿·ä¸–ç•Œ
sundubu_jjigae_,"Shanghai, China"
withWeR,Jiangsu
itsdylangray,"St. Thomas, Ontario"
auron83591234,Canton
cheneywzc,Shanghai
dean5277,æ—¥æœ¬ æ±äº¬
RgMjm,china
qingjielagen233,Italia
mellisawinsor1,"Sydney, New South Wales"
MalwanaPlus,Malwana
JaydenFangJie,People's Republic of China
JaydenFangJie,People's Republic of China
WilliamFullSta1,"Tampa, Florida"
HongKinging,ShiTaiWan
HongKinging,ShiTaiWan
HongKinging,ShiTaiWan
HongKinging,ShiTaiWan
SunShuXiao,"Qingdao,China"
Lucinda_Louisa,United States
muneeymike,"San Antonio, TX"
DeadeningPeace,"Ontario, Canada"
Frentzhart2,"Berlin, Deutschland"
labudi10,"Melbourne, Victoria"
tomluo15,"Liverpool, England"
Rong76785741,"Leeds, England"
Jeeyeonchan1019,Guangdong
kkisliving1,Canada
gsrxxcq,Deutschland
bing_an_,"å¹¿è¥¿, ä¸­åäººæ°‘å…±å’Œå›½"
RoseInWinter_,USA
ailinnn17,Hong Kong
ailinnn17,Hong Kong
ailinnn17,Hong Kong
ailinnn17,Hong Kong
Ambrie117,"Shanghai, People's Republic of China"
OrangeXXOOO,"Há»“ ChÃ­ Minh, Viá»‡t Nam"
worldofkali,"Saitama-ken, Japan"
Augusti53701901,"Jena, Deutschland"
MagicianKaguya,Beijing
newsnowforyou1,Around Here
robert__gibbons,"Brooklyn, NY"
MissSu51554408,"MontrÃ©al, QuÃ©bec"
salforsde,United Kingdom
milkway7709,Germany
YifeiHuang5,ä¸­åäººæ°‘å…±å’Œå›½
YifeiHuang5,ä¸­åäººæ°‘å…±å’Œå›½
YifeiHuang5,ä¸­åäººæ°‘å…±å’Œå›½
YifeiHuang5,ä¸­åäººæ°‘å…±å’Œå›½
Charles24172519,"Westwood, Los Angeles"
Rolly90585551,"District of Columbia, USA"
David_HouDC,United States
KhumicM,zhengzhou
qeZzuJccVeHw26d,The Great republic of China
heyvickia,"Stockholm, Sweden"
xiaoxiao000110,"æµ™æ±Ÿ, ä¸­åäººæ°‘å…±å’Œå›½"
Cookieson2,"Los Ãngeles, Chile"
JinZhou123,"Florida, USA"
JinZhou123,"Florida, USA"
SherryxlzLe,"California, USA"
Hannah87936151,"Birmingham, England"
alienrei,"Auckland, New Zealand"
kris_705709012,"Ottawa, Ontario"
Gdxsdropdip,æ­å·
mengfei67,People's Republic of China
CGTN_Culture,"Beijing, China"
Gabriel86961381,ä¸­åäººæ°‘å…±å’Œå›½
anghtye1,"Plymouth, England"
BethuneStrange,ChinaMainland ShanDong 
PW08312762,"San Francisco, CA"
Ray64912172,New Zealand
TherealWhyyy,ä¸­å›½
JxSekai,"Brisbane, Queensland"
YanJackye,"Toronto, Ontario"
NeverendJie,"Shanghai, People's Republic of China"
KazamaSora_,"Canterbury Region, New Zealand"
KazamaSora_,"Canterbury Region, New Zealand"
KazamaSora_,"Canterbury Region, New Zealand"
KazamaSora_,"Canterbury Region, New Zealand"
KazamaSora_,"Canterbury Region, New Zealand"
GraceWu13083000,æ·±åœ³
Alien_qiqi,æ¢¦æ¸¸
lllyz3,Singapore
smalltreeandme,"Los Angeles, CA"
CCP_225,Guangdong
Chuchu199207,Adelaide
ChrisWu56,United Kingdom
CSaravananNayak,"Vandalur,Kanchipuram,Tamilnadu"
YeeGlobal,China
YeeGlobal,China
YeeGlobal,China
YeeGlobal,China
YeeGlobal,China
YeeGlobal,China
YeeGlobal,China
YeeGlobal,China
YeeGlobal,China
YeeGlobal,China
YeeGlobal,China
YeeGlobal,China
YeeGlobal,China
Pseudobanana83,Singapore
rkhblacks,å¹ãæºœã¾ã‚Š
rkhblacks,å¹ãæºœã¾ã‚Š
rkhblacks,å¹ãæºœã¾ã‚Š
Sabina_91521,South Asia
PRECARMED,Worldwide.
RakeshSharmaRSS,ğŸŒ
tajipong,Malaysia
bunny_cyberpunk,Alpha Centauri  
bunny_cyberpunk,Alpha Centauri  
nativro,"San Juan, Puerto RicoğŸ‡µğŸ‡·"
narodana,Westeros
globaltimesnews,"Beijing, China"
fayaw2014,"Michigan, USA"
kevint905,"Brampton, Ontario"
kevint905,"Brampton, Ontario"
afkkkcv,jaipurï¼Œindia
maanok,seoul.. ë§ˆìŒì€ ëŠ˜ í”¼ë Œì²´...
ChrisWu56,United Kingdom
Kelvin813058,é¦™æ¸¯
zhang_nika,Germany
zhang_nika,Germany
Charlene_Yip,"Vancouver, British Columbia"
CCTV_Plus,"Beijing, CHINA"
THEEURASIATIMES,Global
BagalueSunab,Jamaica- Trinidad &Tobago
WONG_Kin_Cheong,Hong Kong
TYehenara,"Munich, Bavaria"
XHNews,"Headquartered in Beijing, PRC"
Momojoro1,ëŒ€í•œë¯¼êµ­
NicolasT_AT,"Puerto Rico, USA"
AsiaMediaMag,"Los Angeles, CA"
_yixiansheng_,People's Republic of China
QiMi_Oaktree,"City of London, London"
SeekingJustPath,"Freetown, Sierra Leone"
aaravcool00,"Bengaluru, India"
G4Globalism,London
JacksonBinting,New York USA
24x7x24x7,your location
vajoylan,Shenzhen
realjlate,End of the Internet
g_costanz,Brussels 
leletychou,"England, United Kingdom"
creart_lab,ëŒ€í•œë¯¼êµ­ ì„œìš¸
MelanieJin2,"Dublin City, Ireland"
xxxchen6,ä¸­åäººæ°‘å…±å’Œå›½
zhengcheng675,ä¸­åäººæ°‘å…±å’Œå›½
