餐廳名字,地址,地區,價格,餐廳種類,好評,差評,評論數,評分,人均價格,緯度,經度
Uncle Pizza  Pasta & Grill,中環伊利近街25號地下,中環,$101-200,意大利菜,270,7,4,3.5,150,22.282598,114.16674
Le Viet,旺角彌敦道636號銀行中心1樓101-106,旺角,$101-200,越南菜,543,6,4,3.5,150,22.315031,114.173134
Wheatfield X 羅宋湯專門店 (東薈城),東涌達東路20號東薈城二期名店倉7樓703號舖,東涌,$51-100,多國菜,55,2,68,4.0,75,22.2874,113.9425
牛角次男坊 (東薈城),東涌達東路20號東薈城2期7樓706號舖,東涌,$51-100,日本菜,39,3,73,4.0,75,22.2874,113.9425
島中坊研,長洲中學路16號地下,長洲,$50以下,西式,53,1,76,4.0,50,22.2016,114.0265
Amante Bar & Restaurant,東涌富東村富東商場地下1號舖,東涌,$101-200,西式,68,1,79,4.5,150,22.2874,113.9425
金子半之助 (東薈城),東涌達東路20號東薈城名店倉1樓101A號舖,東涌,$51-100,日本菜,57,4,79,4.0,75,22.2874,113.9425
A Tavola Bar & Grill,東涌海濱路8號海堤灣畔地下E&F號舖,東涌,$101-200,意大利菜,70,0,80,4.5,150,22.2874,113.9425
啡寮,長洲新興街4號地下,長洲,$50以下,西式,49,1,84,4.0,50,22.2016,114.0265
華特餐廳,大嶼山香港迪士尼樂園酒店3樓,大嶼山,$201-400,西式,63,3,90,4.0,300,22.26806,113.9425
漁樂,長洲大新海傍路81B地下,長洲,$50以下,港式,63,1,95,4.5,50,22.2016,114.0265
E FOR EGG,大圍積運街2-8號海福商場地下2號舖,大圍,$50以下,韓國菜,63,1,100,4.0,50,22.3759,114.1786
潯,沙田石門安群街3號京瑞廣場1期1樓150號舖,沙田,$51-100,西式,92,2,100,4.5,75,22.3827,114.19191
木船泰國粉麵專門店,大埔翠怡街3號翠怡花園A座地下34號舖,大埔,$51-100,泰國菜,98,0,102,4.5,75,22.448,114.16946000000002
雲桂川冰室,屯門龍門路45號富健花園地下15號舖,屯門,$51-100,港式,98,0,104,4.5,75,22.395,113.97222
Peko Peko Eatery (海之戀商場),荃灣大河道100號海之戀商場1樓1006-1007號舖,荃灣,$101-200,多國菜,77,3,106,4.0,150,22.37806,114.10528
木屋大排檔,大埔大埔太和路15號太和中心地下27-28號舖,大埔,$101-200,泰國菜,96,0,106,4.5,150,22.448,114.16946000000002
素年,荃灣三陂坊20號地舖,荃灣,$101-200,日本菜,99,3,109,4.5,150,22.37806,114.10528
馬拉公公,屯門屯門鄉事會路112-140號雅都商場Go Go Mall1樓S69號舖,屯門,$50以下,馬來西亞菜,107,1,115,4.5,50,22.395,113.97222
維港灣餃子坊,元朗水車館街74號地舖,元朗,$50以下,港式,91,10,116,4.0,50,22.44444,114.02583
滿樂潮州,東涌達東路20號東薈城名店倉地下22號舖,東涌,$101-200,潮州菜,87,6,119,4.0,150,22.2874,113.9425
譽宴．星海薈,沙田安平街1號香港沙田萬怡酒店1樓,沙田,$201-400,粵菜 (廣東),113,1,119,4.5,300,22.3827,114.19191
四點金飯店,將軍澳貿業路8號新都城中心2期UG樓UG051i號舖,將軍澳,$101-200,潮州菜,103,2,120,4.5,150,22.309093,114.261688
原點,元朗馬田路20-30B號安寧大廈地下4號舖,元朗,$50以下,港式,103,2,121,4.5,50,22.44444,114.02583
APT. Coffee,灣仔月街2-12號地下A&B號舖,灣仔,$51-100,西式,91,3,121,4.0,75,22.2775,114.17306
老掌櫃東北菜館 (海之戀商場),荃灣大河道100號海之戀商場2樓2006號舖,荃灣,$51-100,東北菜,71,11,122,4.0,75,22.37806,114.10528
雞翼山 (新都會廣場),葵芳興芳路223號新都會廣場1樓180號舖,葵芳,$51-100,港式,114,0,124,4.5,75,22.3578,114.1298
RISE Kitchen,將軍澳唐賢街29號藍塘傲地下4號舖,將軍澳,$101-200,法國菜,99,9,125,4.0,150,22.309093,114.261688
鹵家,元朗教育路68號兆豐樓地下10及14號舖,元朗,$51-100,港式,113,1,126,4.5,75,22.44444,114.02583
九丁目日本料理,元朗西菁街23號K Plus地下G25-28號舖,元朗,$101-200,日本菜,114,0,127,4.5,150,22.44444,114.02583
616牛肉火鍋專門店 (三陂坊),荃灣三陂坊14-18號安安樓地下B號舖,荃灣,$101-200,港式,106,0,128,4.5,150,22.37806,114.10528
阿四車仔麵,粉嶺聯和墟和豐街59號地舖,粉嶺,$50以下,港式,113,5,128,4.0,50,22.4917,114.1415
新泰東南亞餐廳,馬鞍山西沙路608號馬鞍山廣場2樓259及260A號舖,馬鞍山,$101-200,越南菜,110,4,129,4.5,150,22.4277,114.2403
百芳池上便當 (大河道),荃灣大河道88號灣景廣場購物中心永旺灣景店地下G03號舖,荃灣,$51-100,台灣菜,101,1,129,4.5,75,22.37806,114.10528
韓閣,將軍澳欣景路8號新都城中心2期1015號舖,將軍澳,$51-100,韓國菜,101,6,129,4.0,75,22.309093,114.261688
凱逸餐室,元朗西菁街9號富盛大廈地下3-4號舖,元朗,$51-100,港式,115,1,130,4.0,75,22.44444,114.02583
MARKA HOUSE,荃灣大河道98號如心廣場二期1樓119號舖,荃灣,$101-200,意大利菜,107,0,131,4.5,150,22.37806,114.10528
醉辣鮮,元朗新田村路300號新田購物城地下F7號舖,元朗,$201-400,粵菜 (廣東),124,0,131,4.5,300,22.44444,114.02583
越瀧棧越南菜館,粉嶺聯和墟聯和路3號富貴樓地舖,粉嶺,$50以下,越南菜,114,2,131,4.0,50,22.4917,114.1415
Fleur,荃灣白田壩街45號南豐紗廠地下G08號舖,荃灣,$101-200,西式,94,2,134,4.0,150,22.37806,114.10528
溏串小町,大埔翠和里5號麗和閣地下D1號舖,大埔,$101-200,日本菜,116,8,136,4.0,150,22.448,114.16946000000002
牛大人台灣火鍋吃到飽 (銅鑼灣廣場二期),銅鑼灣駱克道463-483號銅鑼灣廣場二期5樓,銅鑼灣,$101-200,台灣菜,120,2,137,4.5,150,22.28056,114.18667
CoHee Studio,元朗錦田市街152號地舖,元朗,$51-100,西式,94,1,138,4.0,75,22.44444,114.02583
好湯好麵,大圍積存街20號地舖,大圍,$51-100,粵菜 (廣東),101,1,138,4.0,75,22.3759,114.1786
Little Mario's Pizzeria (活@KCC ),葵涌葵昌路72-76號活@KCC地下G02號舖,葵涌,$101-200,意大利菜,128,4,139,4.5,150,22.3669,114.1303
大澳餅店,大澳吉慶街66號,大澳,$50以下,港式,98,0,139,4.0,50,22.2523,113.8661
Odelice! (PopCorn),將軍澳唐賢街9號PopCorn商場1樓F23號舖,將軍澳,$101-200,法國菜,115,8,141,4.5,150,22.309093,114.261688
The Point - Pizza & Pasta (如心廣場),荃灣大河道98號如心廣場二期2樓214號舖,荃灣,$101-200,意大利菜,107,4,141,4.0,150,22.37806,114.10528
閨•家,北角蜆殻街6-16號寶榮大廈地下F號舖,北角,$50以下,港式,123,2,142,4.5,50,22.2885,114.1928
Vici Stage,荃灣沙咀道325-331號德仁樓地下B舖,荃灣,$101-200,西式,138,2,144,4.5,150,22.37806,114.10528
濠客蒸氣海鮮,元朗鳯攸南街3號好順景大廈地下13號舖,元朗,$201-400,港式,134,2,146,4.5,300,22.44444,114.02583
木玥巷,屯門井財街7號力生大廈地下4-5號舖,屯門,$101-200,台灣菜,136,0,147,4.5,150,22.395,113.97222
La Postre (荃灣廣場),荃灣大壩街4-30號荃灣廣場B1樓B109-B110號舖,荃灣,$201-400,西班牙菜,106,8,147,4.0,300,22.37806,114.10528
泰豪燒,元朗又新街37-51號富祐閣地下14號舖,元朗,$101-200,港式,133,5,149,4.0,150,22.44444,114.02583
hōmu by favilla,荃灣青山公路荃灣段398號愉景新城2樓2013號舖,荃灣,$101-200,日本菜,92,7,150,4.0,150,22.37806,114.10528
六小館,東涌達東路20號東薈城名店倉6樓601號舖,東涌,$101-200,粵菜 (廣東),133,3,150,4.5,150,22.2874,113.9425
Involtini Italian Cuisine,銅鑼灣駱克道459-461號 The L. Square 11樓,銅鑼灣,$201-400,意大利菜,121,6,152,4.0,300,22.28056,114.18667
Coffee Art,將軍澳貿業路8號新都城中心1期地下G95號舖,將軍澳,$51-100,意大利菜,114,7,152,4.0,75,22.309093,114.261688
廿一前,荃灣眾安街55號大鴻輝(荃灣)中心21樓B號舖,荃灣,$101-200,日本菜,121,9,153,4.0,150,22.37806,114.10528
大越越南餐廳,沙田沙角街8-12號花園城一期地下2號舖,沙田,$51-100,越南菜,137,2,153,4.5,75,22.3827,114.19191
牛極 (大河道),荃灣大河道77-89號寶成樓地下9號舖,荃灣,$51-100,日本菜,135,1,153,4.5,75,22.37806,114.10528
嘉寶漢堡,葵涌青山公路葵涌段499號嘉寶大廈地下A&B號舖,葵涌,$51-100,港式,120,5,154,4.0,75,22.3669,114.1303
馬祖 (海之戀商場),荃灣大河道100號海之戀商場地下G03號舖,荃灣,$101-200,台灣菜,125,11,156,4.0,150,22.37806,114.10528
WM Café & Bar (海之戀商場),荃灣大河道100號海之戀商場3樓3094號舖,荃灣,$51-100,西式,129,7,156,4.0,75,22.37806,114.10528
Pici,中環蘇豪鴨巴甸街24-26號地舖,中環,$201-400,意大利菜,110,7,158,4.0,300,22.282598,114.16674
長洲角酪,長洲新興街78號地舖,長洲,$50以下,港式,111,1,158,4.5,50,22.2016,114.0265
Coffever,銅鑼灣富明街2-6號寶明大廈3樓C室,銅鑼灣,$51-100,西式,143,4,158,4.5,75,22.28056,114.18667
Chotto Maki,灣仔廈門街33號地舖,灣仔,$51-100,日本菜,159,0,162,4.5,75,22.2775,114.17306
Sol House 親和藝術,荃灣享和街43-59號都城大廈地下57A號舖,荃灣,$201-400,西式,137,4,163,4.5,300,22.37806,114.10528
花居酒屋,荃灣海壩街108-114號荃碧大廈地舖,荃灣,$101-200,日本菜,146,0,164,4.5,150,22.37806,114.10528
慧食貓,葵芳葵富路7號葵涌廣場1樓B01C號舖,葵芳,$50以下,港式,122,0,164,4.5,50,22.3578,114.1298
Spring field,灣仔汕頭街25號地舖,灣仔,$51-100,越南菜,133,5,164,4.5,75,22.2775,114.17306
塚田農場,沙田沙田正街18號新城市廣場1樓105號舖,沙田,$101-200,日本菜,100,13,165,4.0,150,22.3827,114.19191
Just Eat,西環英華臺1-6號華輝閣地下2-3號舖,西環,$51-100,越南菜,160,1,165,4.5,75,22.28352441,114.1401891
叁嘗,天后歌頓道1號DIVA地下1A號舖,天后,$101-200,日本菜,139,1,166,4.5,150,22.2824,114.1922
韓閣,荃灣青山公路275號富裕樓地下G4-6號舖,荃灣,$101-200,韓國菜,128,12,166,4.0,150,22.37806,114.10528
兄弟工房,沙田石門安群街3號京瑞廣場一期地下G43號舖,沙田,$101-200,西式,151,3,166,4.0,150,22.3827,114.19191
譽宴．星海薈,銅鑼灣波斯富街99號利舞臺廣場5樓,銅鑼灣,$201-400,粵菜 (廣東),160,0,167,4.5,300,22.28056,114.18667
NINETYs (些利街),中環些利街2-4號地舖,中環,$201-400,西式,141,5,167,4.5,300,22.282598,114.16674
Pici,沙田沙田正街18號新城市廣場第一期2樓251號舖,沙田,$201-400,意大利菜,120,9,167,4.0,300,22.3827,114.19191
NUTTEA (海光街),鰂魚涌海光街36號地下2號舖,鰂魚涌,$50以下,台灣菜,141,2,167,4.5,50,22.28306,114.21278
Platform,大圍田心村254號地舖,大圍,$51-100,多國菜,117,7,167,4.0,75,22.3759,114.1786
A Tavola Bar & Grill,將軍澳澳南海岸唐俊街23號MONTEREY Place 地下G08號舖,將軍澳,$201-400,意大利菜,150,4,169,4.5,300,22.309093,114.261688
台北巷弄,將軍澳唐德街1號將軍澳廣場1樓006號舖,將軍澳,$51-100,台灣菜,156,1,169,4.5,75,22.309093,114.261688
Casa Cafe & Bistro,馬鞍山鞍駿街29號海澄軒地下4號舖,馬鞍山,$51-100,西式,143,1,169,4.0,75,22.4277,114.2403
Mango Mania,北角和富道21-53號和富地下G18C號舖,北角,$50以下,泰國菜,148,3,170,4.5,50,22.2885,114.1928
果子,大埔汀角路11-13號啓昌樓地下13號舖,大埔,$51-100,新加坡菜,145,1,170,4.5,75,22.448,114.16946000000002
陳根記,沙田石門安群街3號京瑞廣場二期地下5號舖,沙田,$101-200,粵菜 (廣東),96,7,171,3.5,150,22.3827,114.19191
大圍小館,大圍積福街92號地舖,大圍,$101-200,粵菜 (廣東),136,2,172,4.5,150,22.3759,114.1786
十二味 (如心廣場),荃灣大河道98號如心廣場二期2樓215號舖,荃灣,$101-200,川菜 (四川),136,5,172,4.0,150,22.37806,114.10528
Good Times Restaurant And Bar,粉嶺聯和墟和豐街28號囍逸地下G06-G07A號舖,粉嶺,$201-400,多國菜,133,8,172,4.0,300,22.4917,114.1415
小茶角,屯門湖翠路138號啟豐商場地下1A4號舖,屯門,$50以下,港式,159,0,172,4.5,50,22.395,113.97222
榕記車仔麵,將軍澳寶琳貿業路8號新都城中心3期21號地舖,將軍澳,$50以下,港式,126,10,172,4.0,50,22.309093,114.261688
Honbo,荃灣白田壩街45號南豐紗廠3樓303號舖,荃灣,$51-100,美國菜,149,4,172,4.0,75,22.37806,114.10528
The Ground Kitchen,西環西營盤水街47號地舖,西環,$201-400,西式,157,1,173,4.5,300,22.28352441,114.1401891
阿爺燒鵝餐室,大圍大圍道1-35號金山樓地下11A2號舖,大圍,$51-100,港式,161,5,175,4.0,75,22.3759,114.1786
Orange Elephant Thai Restaurant,北角和富道21-53號和富中心地下G18B號舖,北角,$101-200,泰國菜,159,2,176,4.5,150,22.2885,114.1928
L'AMOUR,大埔大埔太和路15號太和中心地下38號舖,大埔,$201-400,法國菜,161,2,176,4.5,300,22.448,114.16946000000002
戀上台式料理,將軍澳唐俊街21號翩匯坊地下G26號舖,將軍澳,$51-100,台灣菜,127,13,176,4.0,75,22.309093,114.261688
Drink氣鍋,火炭坳背灣街38-40號華衛工業中心地下4號G舖,火炭,$201-400,粵菜 (廣東),163,4,177,4.5,300,22.3986,114.1929
The Optimist,灣仔軒尼詩道239號地下至2樓,灣仔,$201-400,西班牙菜,113,5,178,4.0,300,22.2775,114.17306
竺扶大班燒味,灣仔三角街2-3號華欣閣地下3號舖,灣仔,$51-100,港式,162,3,178,4.5,75,22.2775,114.17306
留白,荃灣西樓角路202-216號荃昌中心昌寧商場地下12號舖,荃灣,$51-100,西式,134,1,178,4.0,75,22.37806,114.10528
JOMO Kitchen & Health Hub,將軍澳澳南海岸唐俊街23號MONTEREY Place 地下G01號舖,將軍澳,$101-200,多國菜,107,8,181,4.0,150,22.309093,114.261688
饞•台式幸福食堂,荃灣大河道98號如心廣場二期1樓122號舖,荃灣,$51-100,台灣菜,160,2,181,4.0,75,22.37806,114.10528
一鳴丼食堂,大埔運頭街20-26號廣安大廈地下F舖,大埔,$101-200,日本菜,174,3,184,4.5,150,22.448,114.16946000000002
湘川滬 (粉嶺中心),粉嶺新運路33號粉嶺中心購物商場1樓212A號舖,粉嶺,$101-200,川菜 (四川),140,3,184,4.0,150,22.4917,114.1415
百芳池上便當 (希慎廣場),銅鑼灣軒尼詩道500號希慎廣場11樓,銅鑼灣,$51-100,台灣菜,157,2,184,4.0,75,22.28056,114.18667
天丼,青衣青敬路33號青衣城地下G02號舖,青衣,$51-100,日本菜,109,7,185,4.0,75,22.3475,114.1025
Doubleshot by Cupping Room,中環蘇豪荷李活道49號鴻豐商業中心1樓,中環,$101-200,西式,135,2,186,4.0,150,22.282598,114.16674
山旮旯,銅鑼灣摩理臣山道84-86號香港銅鑼灣太平洋帆船酒店地下,銅鑼灣,$101-200,多國菜,103,9,186,4.0,150,22.28056,114.18667
Food Combo,屯門鄉事會路88號The Parkville地下6號鋪,屯門,$101-200,多國菜,158,3,187,4.5,150,22.395,113.97222
BYOB Coffee Roaster,屯門青桃徑5號文翔大廈地下2A號舖,屯門,$51-100,西式,105,8,188,4.0,75,22.395,113.97222
北海道食堂,沙田橫壆街2-16號沙田中心商場3樓50及57號舖,沙田,$101-200,日本菜,151,8,189,4.0,150,22.3827,114.19191
大茶飯,將軍澳唐德街9號將軍澳中心1樓137B號舖,將軍澳,$51-100,台灣菜,129,22,189,4.0,75,22.309093,114.261688
蟹慶,銅鑼灣軒尼詩道525號澳門逸園中心地庫,銅鑼灣,$201-400,日本菜,169,3,190,4.5,300,22.28056,114.18667
Alto,銅鑼灣登龍街18號V Point 31樓,銅鑼灣,$401-800,西式,98,19,190,3.5,600,22.28056,114.18667
馬祖台灣養生湯麵館 (和安里),中環和安里6-7號聯安樓地下及M樓,中環,$51-100,台灣菜,168,2,190,4.5,75,22.282598,114.16674
No Milkshake No Life (山道),西環石塘咀山道31-37號地下A舖,西環,$101-200,西式,127,3,191,4.0,150,22.28352441,114.1401891
三一餃子,中環利源西街7號地舖,中環,$51-100,日本菜,148,4,191,4.0,75,22.282598,114.16674
Vivienne Westwood Café,銅鑼灣百德新街27-47號Fashion Walk 1樓F-8號舖,銅鑼灣,$101-200,英國菜,149,5,192,4.0,150,22.28056,114.18667
家上海 (形點),元朗元龍街9號形點一期1樓1058號舖,元朗,$101-200,滬菜 (上海),112,9,192,4.0,150,22.44444,114.02583
一番日本料理,元朗教育路29號地下C舖,元朗,$51-100,日本菜,142,17,192,4.0,75,22.44444,114.02583
Duck & Waffle,中環港景街1號國際金融中心1樓1081號舖,中環,$201-400,英國菜,122,11,193,4.0,300,22.282598,114.16674
鱻潮手工私房鍋,沙田博康邨熟食市場8號舖,沙田,$201-400,港式,160,8,193,4.0,300,22.3827,114.19191
四寶食堂,銅鑼灣謝斐道482號兆安廣場地下1-3號舖,銅鑼灣,$50以下,港式,171,1,194,4.5,50,22.28056,114.18667
長洲冰室,長洲北社海旁19C號地下,長洲,$50以下,港式,102,9,194,4.0,50,22.2016,114.0265
EverShine,中環卑利街13號地下,中環,$51-100,西式,161,0,194,4.5,75,22.282598,114.16674
當下 (和富道),北角和富道126號地舖,北角,$101-200,西式,166,9,195,4.0,150,22.2885,114.1928
古今二 (荃灣千色匯),荃灣眾安街68號荃灣千色匯1期3樓3013號舖,荃灣,$201-400,日本菜,183,4,195,4.5,300,22.37806,114.10528
The Salted Pig (新城市廣場),沙田沙田正街18號新城市廣場一期7樓702號舖,沙田,$101-200,西式,147,12,196,4.0,150,22.3827,114.19191
湯•米,將軍澳唐賢街23號帝景灣商場1樓40號舖,將軍澳,$51-100,台灣菜,147,10,196,4.0,75,22.309093,114.261688
盤子工房,屯門建生邨建生商場地下114號舖,屯門,$50以下,多國菜,164,2,197,4.0,50,22.395,113.97222
Rempah Noodles,灣仔軒尼詩道18號地舖,灣仔,$101-200,新加坡菜,148,4,198,4.0,150,22.2775,114.17306
牛大人台灣火鍋吃到飽 (瓊華中心),旺角彌敦道628號瓊華中心9樓,旺角,$101-200,台灣菜,168,2,198,4.5,150,22.315031,114.173134
Little Cove Espresso,西貢西貢海旁廣場兆日樓地下1-2號舖,西貢,$51-100,西式,146,2,198,4.0,75,22.3837,114.2708
吃什麼,中環雲咸街75-77號嘉兆商業大廈地下A號舖,中環,$51-100,台灣菜,98,10,202,4.0,75,22.282598,114.16674
Espresso Alchemy,荃灣楊屋道8號如心廣場一期地下G02號舖,荃灣,$51-100,西式,175,1,202,4.5,75,22.37806,114.10528
L.D.K. by Ufufu Café (新城市廣場),沙田沙田正街18號新城市廣場一期地下115號舖,沙田,$101-200,日本菜,114,11,203,4.0,150,22.3827,114.19191
聚福樓,屯門青善街28號康景花園地下1號舖,屯門,$101-200,西式,138,11,203,4.0,150,22.395,113.97222
MR & MRS FOX,鰂魚涌糖廠街23號地舖,鰂魚涌,$201-400,西式,122,12,203,4.0,300,22.28306,114.21278
阿元來了 (堅尼地城),西環堅尼地城北街31號地舖,西環,$51-100,台灣菜,126,13,203,4.0,75,22.28352441,114.1401891
亞萊泰 (T Town ),天水圍天華路33號T Town北翼N211號舖,天水圍,$51-100,泰國菜,144,8,203,4.0,75,22.4606,114.0042
火鍋撚 (皇后大道西),西環石塘咀皇后大道西554-560號日富里百好大廈地下1號舖,西環,$201-400,港式,183,1,204,4.5,300,22.28352441,114.1401891
座銀,中環歌賦街7號地舖,中環,$101-200,日本菜,138,4,205,4.5,150,22.282598,114.16674
牧羊少年咖啡館 (香港單車館),將軍澳寶康路105-107號香港單車館地下G53號舖,將軍澳,$101-200,西式,137,9,206,4.0,150,22.309093,114.261688
炊豕店 (威靈頓街),中環威靈頓街148號地下,中環,$51-100,港式,175,2,206,4.5,75,22.282598,114.16674
Goobne Chicken (天晉匯),將軍澳唐賢街19號天晉匯II期1樓119A號舖,將軍澳,$101-200,韓國菜,155,11,207,4.0,150,22.309093,114.261688
Cobber Coffee and Tonys Pastry,觀塘駿業里8號世貿大樓1樓,觀塘,$101-200,西式,181,2,208,4.5,150,22.31056,114.22278
Wingman (船街),灣仔船街33號地下,灣仔,$101-200,西式,194,2,209,4.5,150,22.2775,114.17306
FAMA,大埔汀角路55號太平工業中心第2座10樓A室,大埔,$101-200,西式,151,7,209,4.0,150,22.448,114.16946000000002
三才魚蛋粉麵,銅鑼灣渣甸坊48號采怡閣地下6號舖,銅鑼灣,$50以下,港式,179,1,210,4.0,50,22.28056,114.18667
Jan Jan 串揚專門店,灣仔皇后大道東100號2樓,灣仔,$201-400,日本菜,161,1,212,4.0,300,22.2775,114.17306
泰道,西貢大網仔路沙下村9號地舖,西貢,$201-400,泰國菜,166,7,212,4.0,300,22.3837,114.2708
Pici,灣仔進教圍16號地舖,灣仔,$201-400,意大利菜,154,8,214,4.0,300,22.2775,114.17306
旮旯,元朗裕榮徑11號好旺洋樓地下16號舖,元朗,$51-100,多國菜,132,12,214,4.0,75,22.44444,114.02583
豬手工房,大圍成運路1-7號交通城大廈2樓11室,大圍,$51-100,多國菜,172,6,214,4.0,75,22.3759,114.1786
亞蘇爾 (新城市廣場),沙田沙田正街18號新城市廣場1期1樓107號舖,沙田,$101-200,葡國菜,161,15,216,4.0,150,22.3827,114.19191
The Balcony,中環皇后大道中118號3樓,中環,$201-400,日本菜,181,2,216,4.0,300,22.282598,114.16674
渝味曉宇重慶老火鍋 (如心廣場),荃灣楊屋道8號如心廣場一期3樓305號舖,荃灣,$201-400,川菜 (四川),196,5,216,4.5,300,22.37806,114.10528
Pho Bar,中環利源西街24號地舖,中環,$51-100,越南菜,171,10,217,4.0,75,22.282598,114.16674
新麻蒲 BBQ (東港城),將軍澳坑口重華路8號東港城二樓225號舖,將軍澳,$101-200,韓國菜,180,5,219,4.0,150,22.309093,114.261688
東歐餐廳,中環雲咸街63號巴力大廈1樓,中環,$201-400,俄國菜,173,2,219,4.0,300,22.282598,114.16674
鮨燐,上環蘇杭街126-128號地下D舖,上環,$801以上,日本菜,203,4,219,4.5,801,22.28694,114.14861
椰粉湯紅,灣仔軒尼詩道61號四寶大廈地下,灣仔,$51-100,港式,208,1,221,4.5,75,22.2775,114.17306
麵尊,銅鑼灣登龍街18號V Point地下5號舖,銅鑼灣,$51-100,港式,140,8,221,4.0,75,22.28056,114.18667
La Postre (形點),元朗元龍街9號形點一期地下G010號舖,元朗,$101-200,西班牙菜,144,8,222,4.0,150,22.44444,114.02583
WM Café & Bar (科學園),沙田白石角香港科學園一期科技大道西5號企業廣場地下S019號舖,沙田,$51-100,西式,181,16,222,4.0,75,22.3827,114.19191
達順辣蟹火鍋,銅鑼灣駱克道391號金禧大廈地下及一樓,銅鑼灣,$101-200,港式,212,0,223,4.5,150,22.28056,114.18667
醉潮館,荃灣三陂坊30號地舖,荃灣,$101-200,潮州菜,204,2,223,4.5,150,22.37806,114.10528
牛知己,元朗安寧路38號世宙商場地下26-27號舖,元朗,$101-200,韓國菜,175,11,223,4.0,150,22.44444,114.02583
校長燒肉日韓料理,元朗西裕街達輝徑1號足彬大廈1樓3B號舖,元朗,$101-200,韓國菜,207,0,224,4.5,150,22.44444,114.02583
Cuisine Culture,中環德己立街12號業豐大廈2樓203號舖,中環,$201-400,法國菜,201,5,224,4.5,300,22.282598,114.16674
小越廚,荃灣享和街49號都城大廈地下D舖,荃灣,$50以下,越南菜,156,14,224,4.0,50,22.37806,114.10528
Daily 13,荃灣柴灣角街38-40號銓通工業大廈13樓A室,荃灣,$101-200,多國菜,209,1,226,4.5,150,22.37806,114.10528
The Backstreet Kitchen,元朗合益路9-15號紀業樓地下H號舖,元朗,$101-200,日本菜,159,4,226,4.0,150,22.44444,114.02583
永順食店,元朗安寧路2號冠煌樓地下,元朗,$50以下,港式,137,3,226,3.5,50,22.44444,114.02583
真‧章魚無雙,葵芳葵富路7號葵涌廣場2樓C07B號舖,葵芳,$50以下,日本菜,113,7,226,4.0,50,22.3578,114.1298
天 · 悠蔬食,荃灣楊屋道18號荃新天地2期地下G08-11號舖,荃灣,$101-200,多國菜,203,2,227,4.5,150,22.37806,114.10528
荳子 (大埔超級城),大埔安邦路9號大埔超級城D區地下670A-671A號舖,大埔,$101-200,西式,120,17,229,4.0,150,22.448,114.16946000000002
金公館 (康怡廣場),太古康山道1-2號康怡廣場3樓T4號舖,太古,$201-400,粵菜 (廣東),190,7,229,4.0,300,22.287,114.2198
和拉麵,大埔運頭街20-26號廣安大廈地下J號舖,大埔,$51-100,日本菜,206,7,230,4.0,75,22.448,114.16946000000002
牛扒先生 (新都會廣場),葵芳興芳路223號新都會廣場四樓488-490舖,葵芳,$201-400,美國菜,117,16,231,3.5,300,22.3578,114.1298
二世祖,大角咀福全街18號地舖,大角咀,$101-200,西式,192,6,233,4.0,150,22.3198,114.1621
上海弄堂菜肉餛飩 (歌賦街),中環歌賦街35-37號地舖,中環,$51-100,滬菜 (上海),199,9,233,4.0,75,22.282598,114.16674
蘇媽.蘇媽馬來西亞茶餐室,荃灣大壩街71號地舖,荃灣,$51-100,馬來西亞菜,129,9,233,4.0,75,22.37806,114.10528
船渦,銅鑼灣謝斐道500號維安商業大廈3樓,銅鑼灣,$201-400,港式,186,10,236,4.5,300,22.28056,114.18667
八沢 (霎東街),銅鑼灣霎東街7號地下7號舖,銅鑼灣,$51-100,日本菜,190,4,236,4.0,75,22.28056,114.18667
Peek-A-Poke,銅鑼灣希雲街16號地舖,銅鑼灣,$101-200,美國菜,192,4,238,4.0,150,22.28056,114.18667
雲家小鍋米線,荃灣沙咀道328號328廣場地下G01舖,荃灣,$50以下,滇菜 (雲南),191,6,239,4.0,50,22.37806,114.10528
WM Café & Bar (雅濤居購物商場),馬鞍山鞍駿街15號雅濤居購物商場地下G01B號舖,馬鞍山,$51-100,西式,201,10,239,4.0,75,22.4277,114.2403
龍城冰室,銅鑼灣謝斐道500號維安商業大廈地舖,銅鑼灣,$50以下,港式,194,12,240,4.0,50,22.28056,114.18667
犇道,屯門龍門路43號龍門居商場地下91號舖,屯門,$51-100,日本菜,208,2,240,4.0,75,22.395,113.97222
鴨仔冰室,觀塘巧明街94-96號鴻圖中心地下5D-E號舖,觀塘,$101-200,多國菜,230,1,241,4.5,150,22.31056,114.22278
德國餐廳 (翠怡花園),大埔翠怡街3號翠怡花園C座地下18 - 19號舖,大埔,$101-200,德國菜,200,7,241,4.0,150,22.448,114.16946000000002
你妳 (運通洋樓),荃灣運通街6號運通洋樓地下K號舖,荃灣,$51-100,台灣菜,187,15,241,4.0,75,22.37806,114.10528
FUMI,中環德己立街30-32號加州大廈6樓,中環,$401-800,日本菜,201,6,243,4.0,600,22.282598,114.16674
Flames (海濱匯),觀塘海濱道77號海濱匯1樓2號舖,觀塘,$51-100,多國菜,216,5,243,4.5,75,22.31056,114.22278
三星台菜食堂 (新城市廣場),沙田沙田正街18號新城市廣場1樓128號舖,沙田,$101-200,台灣菜,109,24,245,3.5,150,22.3827,114.19191
一起果醬,西貢市場街9號地下,西貢,$101-200,西式,160,13,245,4.0,150,22.3837,114.2708
老夫子餐館,元朗朗日路8號形點二期1樓A101號舖,元朗,$51-100,港式,163,11,245,4.0,75,22.44444,114.02583
韓珍 (帝國中心),尖沙咀麼地道68號帝國中心地下高層UG43號舖,尖沙咀,$201-400,韓國菜,209,4,246,4.5,300,22.2988,114.1722
Dear Coffee & Bakery,大圍積運街2-8號海福花園地下22號舖,大圍,$51-100,多國菜,147,19,247,3.5,75,22.3759,114.1786
Westwood Carvery,中環蘭桂坊和安里2號地舖,中環,$201-400,美國菜,214,1,248,4.0,300,22.282598,114.16674
Amici,中環士丹利街11號Stanley 11 8樓,中環,$201-400,意大利菜,220,5,248,4.0,300,22.282598,114.16674
Burger Joys (第一街),西環西營盤第一街27-29號太益樓地舖,西環,$101-200,美國菜,218,3,249,4.0,150,22.28352441,114.1401891
牛角次男坊 (荃灣廣場),荃灣大壩街4-30號荃灣廣場1樓112B-113號舖,荃灣,$51-100,日本菜,143,12,250,4.0,75,22.37806,114.10528
牛大人台灣火鍋吃到飽 (大鴻輝(荃灣)中心),荃灣眾安街55號大鴻輝(荃灣)中心16樓,荃灣,$101-200,台灣菜,208,3,251,4.5,150,22.37806,114.10528
Su Casa,沙田石門安群街一號京瑞廣場二期地下G03號舖,沙田,$101-200,西式,213,3,252,4.5,150,22.3827,114.19191
The Right Place (舊墟直街),大埔舊墟直街30號美利大廈地下13號舖,大埔,$101-200,西式,223,4,252,4.5,150,22.448,114.16946000000002
樂天皇朝 (青衣城),青衣青敬路33號青衣城3樓310B號舖,青衣,$101-200,粵菜 (廣東),179,10,252,4.0,150,22.3475,114.1025
MoMo Café,沙田安平街1號香港沙田萬怡酒店,沙田,$401-800,多國菜,122,30,252,3.5,600,22.3827,114.19191
札幌拉麵 Miso No.1,荃灣楊屋道18號荃新天地二期UG59號舖,荃灣,$51-100,日本菜,184,24,252,3.5,75,22.37806,114.10528
玉子造屋,將軍澳唐德街9號將軍澳中心地下B03C號舖,將軍澳,$51-100,日本菜,149,27,253,3.5,75,22.309093,114.261688
食之劇場餐廳,西貢白沙灣碼頭酒店地下,西貢,$801以上,日本菜,230,3,253,4.5,801,22.3837,114.2708
湘川滬 (置富嘉湖),天水圍天恩路12-18號置富嘉湖二期2樓216A及F舖,天水圍,$101-200,川菜 (四川),168,18,254,4.0,150,22.4606,114.0042
大滾友火鍋,元朗鳳攸南街9號好順利大廈一座地下G4-G5號舖,元朗,$201-400,港式,217,10,254,4.5,300,22.44444,114.02583
Pickabowl (D2 Place),荔枝角長義街9號D2 Place 一期1樓112號舖,荔枝角,$51-100,多國菜,225,1,254,4.5,75,22.33611,114.13361
金子半之助 (新都會廣場),葵芳興芳路223號新都會廣場1樓107-108號舖,葵芳,$51-100,日本菜,129,24,255,4.0,75,22.3578,114.1298
金鶴拉麵 (蜆殼街),天后炮台山蜆殼街6-16號寶榮大廈地下E號舖,天后,$101-200,日本菜,229,2,256,4.5,150,22.2824,114.1922
8Five2 Restobar,尖沙咀天文臺道8號地下2號舖,尖沙咀,$101-200,墨西哥菜,226,1,256,4.5,150,22.2988,114.1722
El Cerdo (大壩街),荃灣大壩街77號地舖,荃灣,$201-400,西班牙菜,204,8,256,4.0,300,22.37806,114.10528
阿叔泰麵 (西菁街),元朗西菁街20號益輝大廈地下3號舖,元朗,$51-100,泰國菜,171,11,256,4.0,75,22.44444,114.02583
MOO MOO Plus,銅鑼灣百德新街59-65號Fashion Walk地下C&D號舖,銅鑼灣,$101-200,西式,229,1,257,4.5,150,22.28056,114.18667
但馬屋,葵芳興芳路223號新都會廣場2樓251-255號舖,葵芳,$101-200,日本菜,183,7,257,4.0,150,22.3578,114.1298
Omotesando Koffee,灣仔皇后大道東200號利東街G24-25號舖,灣仔,$50以下,西式,128,18,257,3.5,50,22.2775,114.17306
豐鍋雞煲 (京瑞廣場),沙田石門安群街3號京瑞廣場一期1樓137號舖,沙田,$101-200,港式,227,2,258,4.5,150,22.3827,114.19191
3rd Space,上環差館上街16號地舖,上環,$101-200,多國菜,197,12,259,4.0,150,22.28694,114.14861
鐵板燒雪舟,銅鑼灣開平道1號Cubus 8樓,銅鑼灣,$401-800,日本菜,240,7,261,4.5,600,22.28056,114.18667
彩,元朗建德街26號益利大廈地下14號舖,元朗,$51-100,日本菜,176,12,261,4.0,75,22.44444,114.02583
Mother of Pizzas,銅鑼灣禮頓道13-19號地舖,銅鑼灣,$51-100,意大利菜,187,11,263,4.0,75,22.28056,114.18667
L.D.K. by Ufufu Café (新都會廣場),葵芳興芳路223號新都會廣場3樓345A號舖,葵芳,$101-200,日本菜,141,10,264,4.0,150,22.3578,114.1298
享慢煮意,中環善慶街9號地舖,中環,$101-200,法國菜,189,17,265,4.0,150,22.282598,114.16674
Little Fresh Cafe & Bar,旺角登打士街36號恆威商業中心18樓,旺角,$101-200,多國菜,232,0,265,4.5,150,22.315031,114.173134
新記煲仔雞粥,元朗又新街60號地下D2號舖,元朗,$51-100,港式,207,15,265,4.0,75,22.44444,114.02583
老媽拌麵 (將軍澳中心),將軍澳唐德街9號將軍澳中心L1樓133號舖,將軍澳,$51-100,台灣菜,189,18,265,4.0,75,22.309093,114.261688
小島•澳門菜,銅鑼灣勿地臣街1號時代廣場13樓1302號舖,銅鑼灣,$101-200,葡國菜,222,13,266,4.0,150,22.28056,114.18667
飲茶 (南豐大廈),中環德輔道中173號南豐大廈2樓1-2號舖,中環,$101-200,粵菜 (廣東),143,12,266,3.5,150,22.282598,114.16674
Honbo,灣仔日街6-7號日新樓地下B號舖,灣仔,$51-100,美國菜,218,9,268,4.0,75,22.2775,114.17306
雲壽司,銅鑼灣謝斐道506-508號聯成商業中心地下B號舖,銅鑼灣,$101-200,日本菜,242,1,269,4.5,150,22.28056,114.18667
普慶餐廳,佐敦彌敦道380號香港逸東酒店B1樓層,佐敦,$401-800,多國菜,164,20,269,4.0,600,22.3049,114.1692
新記雞粥,旺角花園街1號鴻禧大廈地下5號舖,旺角,$51-100,港式,238,2,269,4.0,75,22.315031,114.173134
夏雪,大圍積富街31號益富閣地下3號舖,大圍,$51-100,西式,176,9,269,4.0,75,22.3759,114.1786
古琴雅苑 (QRE Plaza),灣仔皇后大道東202號QRE Plaza 19樓,灣仔,$101-200,京菜 (官府菜),185,16,270,4.0,150,22.2775,114.17306
秘 (偉晴街),佐敦偉晴街11號地下,佐敦,$101-200,日本菜,212,3,270,4.0,150,22.3049,114.1692
Felice Cafe & Pasta,銅鑼灣希雲街12號地舖,銅鑼灣,$51-100,西式,248,4,270,4.0,75,22.28056,114.18667
團日式拉麵,荃灣大屋街18號金豐閣地下1-2號舖,荃灣,$51-100,日本菜,213,5,271,4.0,75,22.37806,114.10528
金鶴拉麵 (荷李活道),中環荷李活道39號地舖,中環,$101-200,日本菜,239,1,272,4.5,150,22.282598,114.16674
新記雞粥,筲箕灣筲箕灣道307號地下及1樓,筲箕灣,$51-100,粵菜 (廣東),202,16,272,4.0,75,22.2787,114.2286
金樂軒雞煲魚鍋,北角和富道114號康華大廈地下C3號舖,北角,$101-200,川菜 (四川),250,3,273,4.5,150,22.2885,114.1928
火鍋撚 (雲咸街),中環雲咸街46-48號雲明行3樓,中環,$201-400,港式,228,8,273,4.5,300,22.282598,114.16674
小曼谷泰國美食站,銅鑼灣謝斐道535號Tower 535地庫B02舖,銅鑼灣,$51-100,泰國菜,253,4,273,4.5,75,22.28056,114.18667
KOKO Coffee Roasters,荃灣白田壩街45號南豐紗廠六廠地下G09號舖,荃灣,$51-100,多國菜,215,9,273,4.0,75,22.37806,114.10528
喜來稀肉,銅鑼灣登龍街41-51號金龍大廈地下3號舖及1樓,銅鑼灣,$101-200,韓國菜,225,7,275,4.0,150,22.28056,114.18667
Penthouse,銅鑼灣登龍街1-29號金朝陽中心2期Midtown30樓,銅鑼灣,$401-800,西式,230,12,276,4.0,600,22.28056,114.18667
烤魚工房,元朗教育路37號南天大厦地下8-9號舖,元朗,$101-200,川菜 (四川),232,9,277,4.0,150,22.44444,114.02583
一生懸麵,旺角通菜街73號地下,旺角,$51-100,日本菜,207,3,277,4.0,75,22.315031,114.173134
緣聚西日餐廳 (仁愛堂圍),屯門仁愛堂圍45號興泰大廈地下11A 2至8號地舖,屯門,$101-200,日本菜,217,4,278,3.5,150,22.395,113.97222
牛惣居酎屋,銅鑼灣登龍街28號永光中心22樓,銅鑼灣,$201-400,日本菜,270,2,280,4.5,300,22.28056,114.18667
Shahrazad Lebanese Dining Lounge & Bar,中環雲咸街75-77號嘉兆商業大廈2樓,中環,$201-400,中東菜,238,5,281,4.5,300,22.282598,114.16674
鬼金棒,尖沙咀金馬倫道20號地舖,尖沙咀,$101-200,日本菜,248,1,282,4.5,150,22.2988,114.1722
Tipsy Restaurant & Bar,大坑銅鑼灣道98號1樓,大坑,$201-400,多國菜,248,9,282,4.5,300,22.2752,114.1937
老媽拌麵 (荃灣廣場),荃灣大壩街4-30號荃灣廣場4樓441A號舖,荃灣,$50以下,台灣菜,213,18,282,4.0,50,22.37806,114.10528
牛県,荃灣享和街49號地下D1號舖,荃灣,$101-200,日本菜,270,1,283,4.5,150,22.37806,114.10528
FRITES Belgium on Tap (曦巒),銅鑼灣希雲街38號曦巒地下1號舖,銅鑼灣,$201-400,比利時菜,237,2,283,4.0,300,22.28056,114.18667
香港永年車仔麵茶冰廳,沙田沙田正街18號新城市廣場L1樓113號舖,沙田,$51-100,港式,239,9,283,4.5,75,22.3827,114.19191
Burger Joys (士丹利街),中環士丹利街82號地舖,中環,$101-200,美國菜,257,3,284,4.5,150,22.282598,114.16674
La Vache!,尖沙咀赫德道12號地下,尖沙咀,$201-400,法國菜,195,6,284,4.0,300,22.2988,114.1722
餃掂手工餃子雲吞專門店,銅鑼灣景隆街19號地舖,銅鑼灣,$50以下,粵菜 (廣東),247,6,284,4.0,50,22.28056,114.18667
La Paloma,西環西營盤皇后大道西189號西浦1樓,西環,$201-400,西班牙菜,255,6,285,4.5,300,22.28352441,114.1401891
霸嗎拉麵 (屯門市廣場),屯門屯順街1號屯門市廣場1期3樓3233號舖,屯門,$51-100,日本菜,170,31,285,4.0,75,22.395,113.97222
Wingman (閣麟街),中環閣麟街37-43號祥興商業大廈6樓,中環,$101-200,西式,260,1,286,4.5,150,22.282598,114.16674
百味川,葵芳葵富路7號葵涌廣場地下A39號舖,葵芳,$50以下,川菜 (四川),228,9,286,4.0,50,22.3578,114.1298
蝦麵店 (荃新天地),荃灣楊屋道1號荃新天地一期1樓108及110號舖,荃灣,$51-100,馬來西亞菜,216,11,286,4.0,75,22.37806,114.10528
石鍋堂,旺角通菜街2A-2P號鴻光大廈地下D號舖,旺角,$51-100,日本菜,227,7,287,4.0,75,22.315031,114.173134
樓下冰室,荃灣荃華街16號荃薈商場地下G45-G54號舖,荃灣,$51-100,港式,257,5,287,4.5,75,22.37806,114.10528
犇之食堂,銅鑼灣白沙道11號地舖,銅鑼灣,$101-200,台灣菜,191,6,288,4.0,150,22.28056,114.18667
BRICK LANE (利園),銅鑼灣禮頓道111號利園六期地下G01,銅鑼灣,$101-200,英國菜,219,15,289,4.0,150,22.28056,114.18667
Boholic,長沙灣福華街561號君凱豪庭地舖及1樓,長沙灣,$101-200,西式,238,9,292,4.0,150,22.3358,114.1495
Zeng,銅鑼灣登龍街18號V Point 30樓,銅鑼灣,$201-400,日本菜,239,1,292,4.5,300,22.28056,114.18667
唐宮小聚 (荃新天地),荃灣楊屋道1號荃新天地1期UG層43及81號舖,荃灣,$201-400,粵菜 (廣東),171,15,292,4.0,300,22.37806,114.10528
夏捌月,元朗媽橫路7號富來花園A座地下15號舖,元朗,$101-200,西式,228,11,293,4.0,150,22.44444,114.02583
鳴越越式料理,中環德輔道中144-148號安泰大廈地庫,中環,$51-100,越南菜,243,4,293,4.0,75,22.282598,114.16674
呦呦鹿鳴布丁燒,葵芳葵富路7號葵涌廣場3樓TOP世界3069-T5-T6號舖,葵芳,$50以下,日本菜,221,5,294,4.0,50,22.3578,114.1298
Aroma Dessert Cafe,荃灣鱟地坊38-46號祐強樓地下42號舖,荃灣,$51-100,西式,178,17,294,4.0,75,22.37806,114.10528
阿閒泰,尖沙咀河內道18號K11購物藝術館2樓219號舖,尖沙咀,$101-200,泰國菜,262,8,296,4.5,150,22.2988,114.1722
Ann Mamma Thai kitchen by 張秀玲,荃灣曹公坊11號地舖,荃灣,$101-200,泰國菜,262,2,296,4.5,150,22.37806,114.10528
Dear Lilly,中環金融街8號國際金融中心商場4樓4010號舖,中環,$201-400,西式,138,23,296,4.0,300,22.282598,114.16674
WM Café & Bar (八號花園),大埔安慈路2號八號花園地下20號舖,大埔,$51-100,西式,251,13,298,4.0,75,22.448,114.16946000000002
Le Cafe (香港諾富特世紀酒店),灣仔謝斐道238號香港諾富特世紀酒店1樓,灣仔,$201-400,西式,195,37,299,3.5,300,22.2775,114.17306
Morton's of Chicago,尖沙咀彌敦道20號香港喜來登酒店4樓,尖沙咀,$801以上,美國菜,223,10,301,4.0,801,22.2988,114.1722
麻辣風雲,荃灣海壩街108-114號荃碧大廈1樓,荃灣,$101-200,川菜 (四川),250,8,302,4.0,150,22.37806,114.10528
kikusan,銅鑼灣軒尼詩道500號希慎廣場13樓1301號舖,銅鑼灣,$101-200,滬菜 (上海),191,10,303,4.0,150,22.28056,114.18667
The Point - Pizza & Pasta (將軍澳中心),將軍澳唐德街9號將軍澳中心地下G01及G02號舖,將軍澳,$101-200,意大利菜,247,12,304,4.0,150,22.309093,114.261688
8鍋臭臭鍋 (謝斐道),銅鑼灣謝斐道440號駱克大廈A座地下E舖,銅鑼灣,$101-200,台灣菜,258,10,306,4.0,150,22.28056,114.18667
FAB Kitchen,荔枝角長沙灣道883號億利工業中心7樓704號舖,荔枝角,$101-200,西式,278,5,306,4.5,150,22.33611,114.13361
旺記冰室 (建利大廈),灣仔謝斐道142號建利大廈地舖,灣仔,$51-100,港式,185,13,306,4.0,75,22.2775,114.17306
老厝邊,大角咀埃華街92號地下,大角咀,$51-100,台灣菜,253,11,306,4.0,75,22.3198,114.1621
逸之燒,元朗鳳攸南街9號好順利大廈2座商場地下 57 號舖,元朗,$201-400,日本菜,278,8,307,4.5,300,22.44444,114.02583
我愛慢煮 (孖沙街),上環孖沙街15-17號孖寶樓地舖,上環,$101-200,多國菜,268,10,308,4.5,150,22.28694,114.14861
元札幌拉麵 (悅來坊),荃灣荃華街3號悅來坊B1樓B121號舖,荃灣,$51-100,日本菜,282,7,309,4.0,75,22.37806,114.10528
去滾,銅鑼灣登龍街1號金朝陽中心2期Midtown27樓,銅鑼灣,$201-400,港式,290,4,310,4.5,300,22.28056,114.18667
廚十三老壇酸菜魚 (渣甸街),銅鑼灣渣甸街66號亨環4樓,銅鑼灣,$201-400,川菜 (四川),237,19,310,4.0,300,22.28056,114.18667
Pillowtalk Restaurant & Bar,屯門青棉徑5號金寶大廈地下6號舖,屯門,$101-200,西式,277,2,311,4.5,150,22.395,113.97222
BRICK LANE (中信大廈),金鐘添美道1號中信大廈4樓404號舖,金鐘,$101-200,英國菜,229,20,312,4.0,150,22.2796,114.1655
極尚大瀛喜日本料理,元朗朗日路9號形點1期2樓2001A舖,元朗,$201-400,日本菜,225,7,312,4.0,300,22.44444,114.02583
班蘭葉印尼美食,銅鑼灣糖街1-5號銅鑼灣商業大廈地下B2舖,銅鑼灣,$51-100,印尼菜,285,1,312,4.5,75,22.28056,114.18667
魚一壽司,元朗教育路68號兆豐樓地下7號舖,元朗,$51-100,日本菜,231,13,312,4.0,75,22.44444,114.02583
素年,深水埗福華街191-199號福隆大廈1號地舖,深水埗,$101-200,日本菜,255,0,313,4.5,150,22.32917,114.16028
蟹仙海鮮蒸氣鍋 (龍崗道),九龍城龍崗道2-4號地下,九龍城,$201-400,港式,283,10,313,4.5,300,22.31944,114.17778
The 5B Private Corner,荃灣柴灣角街38-40號銓通工業大廈5樓B室,荃灣,$51-100,西式,266,5,313,4.0,75,22.37806,114.10528
火狐爐端燒,荃灣四陂坊12號雅緻大廈地舖,荃灣,$101-200,日本菜,291,2,314,4.5,150,22.37806,114.10528
馬辣台式鴛鴦火鍋 (大鴻輝(荃灣)中心),荃灣眾安街55號大鴻輝(荃灣)中心8樓,荃灣,$101-200,台灣菜,224,12,314,4.0,150,22.37806,114.10528
E Molto Buono,銅鑼灣霎西街28號必發商業大廈2樓,銅鑼灣,$401-800,意大利菜,299,4,314,4.5,600,22.28056,114.18667
轉角‧見,荃灣西樓角路202-216號荃昌中心昌寧大廈地下66號舖,荃灣,$50以下,西式,206,12,314,4.0,50,22.37806,114.10528
鬼金棒,銅鑼灣謝斐道530號地舖,銅鑼灣,$101-200,日本菜,279,3,315,4.5,150,22.28056,114.18667
豊勝手丼,銅鑼灣登龍街18號V Point 地下3號舖,銅鑼灣,$201-400,日本菜,290,5,315,4.5,300,22.28056,114.18667
The Lounge (香港JW萬豪酒店),金鐘金鐘道88號太古廣場香港JW萬豪酒店大堂,金鐘,$201-400,西式,208,19,315,4.0,300,22.2796,114.1655
緣聚鮮鍋,荃灣眾安街55號大鴻輝(荃灣)中心3樓,荃灣,$201-400,港式,246,20,315,4.0,300,22.37806,114.10528
鮮芋仙,銅鑼灣登龍街18號V Point 地下1號舖,銅鑼灣,$50以下,台灣菜,161,9,315,4.0,50,22.28056,114.18667
Samsen 泰麵,灣仔石水渠街68號地下,灣仔,$101-200,泰國菜,215,21,316,4.0,150,22.2775,114.17306
CIAK - All Day Italian (太古城中心),太古太古城道18號太古城中心2期2樓265號舖,太古,$201-400,意大利菜,253,21,316,4.0,300,22.287,114.2198
仙后餐廳,灣仔皇后大道東213號胡忠大廈2樓,灣仔,$401-800,法國菜,182,16,316,4.0,600,22.2775,114.17306
岩浪天扶良日本料理,銅鑼灣軒尼詩道525號澳門逸園中心9樓,銅鑼灣,$401-800,日本菜,277,16,316,4.0,600,22.28056,114.18667
Greenhouse,銅鑼灣勿地臣街1號時代廣場食通天10樓1004號舖,銅鑼灣,$101-200,西式,195,20,317,4.0,150,22.28056,114.18667
喜來稀肉,旺角廣華街3號百利達廣場地庫,旺角,$101-200,韓國菜,247,13,318,4.0,150,22.315031,114.173134
九份•十分 (T Town ),天水圍天華路30號T Town南翼 2樓201號舖,天水圍,$51-100,台灣菜,256,11,318,4.0,75,22.4606,114.0042
屋子生活,馬鞍山烏溪沙路8號迎海薈地下4A舖,馬鞍山,$51-100,日本菜,169,18,318,3.5,75,22.4277,114.2403
德美壽司,將軍澳貿業路8號新都城中心1期地下99-100號舖,將軍澳,$101-200,日本菜,267,7,319,4.0,150,22.309093,114.261688
御の味,灣仔軒尼詩道256號The Hennessy 3樓,灣仔,$401-800,日本菜,280,16,319,4.5,600,22.2775,114.17306
野川拉麵の深燒食堂,元朗又新街40-48號榮豐大廈地下B號舖,元朗,$51-100,日本菜,274,10,319,4.0,75,22.44444,114.02583
Jacomax,上環永樂街38-42號東成商業大廈地下C舖,上環,$101-200,意大利菜,261,6,320,4.0,150,22.28694,114.14861
BRICK LANE Deli,沙田沙田正街18號新城市廣場一期1樓126號舖,沙田,$101-200,英國菜,168,44,321,3.5,150,22.3827,114.19191
Pause It,旺角山東街84號地下,旺角,$51-100,西式,226,5,321,4.0,75,22.315031,114.173134
La Crêperie,灣仔皇后大道東100-102號鉅芝樓1樓,灣仔,$101-200,法國菜,231,11,322,4.0,150,22.2775,114.17306
Mokumoku Yakiton (永光商業大廈),銅鑼灣軒尼詩道499號永光商業大廈7樓,銅鑼灣,$201-400,日本菜,312,0,322,4.5,300,22.28056,114.18667
Le Rêve,銅鑼灣耀華街38號Zing! 10樓,銅鑼灣,$401-800,日本菜,277,10,322,4.5,600,22.28056,114.18667
Chotto Maki,中環利源西街3號地下,中環,$51-100,日本菜,298,0,322,4.5,75,22.282598,114.16674
校長燒肉日韓料理,荃灣沙咀道298號翡翠廣場2樓,荃灣,$101-200,韓國菜,248,12,323,4.0,150,22.37806,114.10528
Homeland (東昌街),大埔東昌街2號地舖,大埔,$101-200,西式,281,6,325,4.5,150,22.448,114.16946000000002
荳子 (新城市中央廣場),沙田鄉事會路138號新城市中央廣場5樓503號舖,沙田,$101-200,西式,219,6,327,4.0,150,22.3827,114.19191
虎鐵鐵板燒,銅鑼灣軒尼詩道525號澳門逸園中心12樓,銅鑼灣,$201-400,日本菜,315,2,327,4.5,300,22.28056,114.18667
千葉鳥,天水圍天瑞路71-77號天澤商場1樓113E號舖,天水圍,$101-200,日本菜,282,3,332,4.5,150,22.4606,114.0042
La Postre (永樂街),上環永樂街50號昌盛大廈3樓,上環,$201-400,西班牙菜,265,16,332,4.0,300,22.28694,114.14861
ChaTraMue,銅鑼灣渣甸街49號地舖,銅鑼灣,$50以下,泰國菜,220,14,334,4.0,50,22.28056,114.18667
Tartes & Pop,上環摩利臣街2號地舖,上環,$50以下,法國菜,297,0,334,4.5,50,22.28694,114.14861
一起食堂 (域多利皇后街),中環域多利皇后街2號地舖,中環,$51-100,台灣菜,281,7,334,4.0,75,22.282598,114.16674
鮨文,紅磡黃埔天地聚寶坊(第11期)地下G22A號舖,紅磡,$801以上,日本菜,312,9,334,4.5,801,22.30778,114.18722
Goobne Chicken (威靈頓街),中環威靈頓街2-8號威靈頓廣場M88 5樓,中環,$101-200,韓國菜,282,10,335,4.0,150,22.282598,114.16674
鳥棲日本料理,觀塘開源道60號駱駝漆大廈3座5樓S舖,觀塘,$101-200,日本菜,293,3,335,4.0,150,22.31056,114.22278
Nardo's Cafe,旺角彌敦道594-596號旺角新城8樓,旺角,$101-200,西式,280,9,335,4.0,150,22.315031,114.173134
胡爐,銅鑼灣耀華街3號百樂中心3樓,銅鑼灣,$201-400,港式,321,1,335,4.5,300,22.28056,114.18667
莆田 (形點),元朗元龍街9號形點一期2樓2040號舖,元朗,$101-200,閩菜 (福建),300,4,338,4.0,150,22.44444,114.02583
Oldish,上環東街53號地舖,上環,$101-200,英國菜,255,15,340,4.0,150,22.28694,114.14861
燈籠滷味 (登龍街),銅鑼灣登龍街39號地下,銅鑼灣,$51-100,台灣菜,229,22,340,4.0,75,22.28056,114.18667
1963 木十豆寸,灣仔灣仔道110號中匯大樓2樓,灣仔,$101-200,台灣菜,167,50,341,3.5,150,22.2775,114.17306
八妹雞煲,大埔舊墟直街4-20號美新大廈地下A1號舖,大埔,$101-200,川菜 (四川),298,8,342,4.0,150,22.448,114.16946000000002
稚,元朗俊賢坊18號權益大樓3號舖,元朗,$51-100,日本菜,297,6,342,4.5,75,22.44444,114.02583
意粉狂熱 (皇室堡),銅鑼灣告士打道311號皇室堡2樓203-204號舖,銅鑼灣,$101-200,意大利菜,268,15,343,4.0,150,22.28056,114.18667
Story Steak & Pasta,元朗鳳攸南街9號好順利大廈地下3號舖,元朗,$101-200,意大利菜,263,16,343,4.0,150,22.44444,114.02583
坐忘,天后電氣道127號地舖,天后,$51-100,日本菜,231,10,345,4.0,75,22.2824,114.1922
Five Guys,灣仔莊士敦道60號地舖,灣仔,$51-100,美國菜,155,38,345,3.5,75,22.2775,114.17306
巧得鍋,觀塘成業街15-17號成運工業大廈1樓12-14舖,觀塘,$201-400,港式,278,16,346,4.0,300,22.31056,114.22278
URBAN Cafe (駱駝漆大廈),觀塘開源道62號駱駝漆大廈第1座6樓,觀塘,$201-400,西式,313,4,347,4.5,300,22.31056,114.22278
天吉屋,旺角亞皆老街8號朗豪坊11樓25-29號舖,旺角,$101-200,日本菜,268,21,348,4.0,150,22.315031,114.173134
亞蘇爾 (形點),元朗元龍街9號形點1期2樓2056號舖,元朗,$101-200,葡國菜,282,9,348,4.0,150,22.44444,114.02583
Café Crêpe,中環威靈頓街15B號地舖,中環,$101-200,多國菜,300,6,349,4.5,150,22.282598,114.16674
Mimila,沙田沙田正街18號新城市廣場1期7樓704號舖,沙田,$101-200,馬來西亞菜,250,18,349,4.0,150,22.3827,114.19191
孖寶車仔麵,葵芳葵富路7號葵涌廣場地下A15號舖,葵芳,$50以下,港式,282,10,351,4.0,50,22.3578,114.1298
hEat,灣仔皇后大道東202號QRE Plaza 23樓,灣仔,$401-800,地中海菜,327,8,352,4.5,600,22.2775,114.17306
雅高·33,荃灣沙咀道328號寶石大廈地下21號舖,荃灣,$51-100,意大利菜,268,21,352,4.0,75,22.37806,114.10528
芝加哥串燒酒場,大埔大埔太和路15號太和中心地下37號舖,大埔,$101-200,港式,333,2,353,4.5,150,22.448,114.16946000000002
Lady M,銅鑼灣加寧街1-3號Fashion Walk地下C號舖,銅鑼灣,$51-100,西式,252,7,354,4.0,75,22.28056,114.18667
鳥語,尖沙咀厚福街12-12A號藍馬商業大廈10樓,尖沙咀,$101-200,日本菜,202,33,356,3.5,150,22.2988,114.1722
Mokumoku Yakiton (厚福街),尖沙咀厚福街12號藍馬商業大廈16樓,尖沙咀,$201-400,日本菜,345,2,356,4.5,300,22.2988,114.1722
龍門一番 上海·紫砂燉湯,荃灣青山公路荃灣段388號中染大廈(8咪半)1樓105號舖,荃灣,$101-200,滬菜 (上海),253,16,357,4.0,150,22.37806,114.10528
泰海鮮,屯門三聖街6號三聖商場地下5-8及14-16舖,屯門,$201-400,泰國菜,299,15,357,4.0,300,22.395,113.97222
泰濃麵 (樂道),尖沙咀樂道7號嘉樂大廈地下A舖,尖沙咀,$51-100,泰國菜,295,7,357,4.0,75,22.2988,114.1722
Goobne Chicken (荃新天地),荃灣楊屋道1號荃新天地一期地下G29號舖,荃灣,$101-200,韓國菜,280,9,358,4.0,150,22.37806,114.10528
坐忘,鰂魚涌濱海街13號中興大廈地下,鰂魚涌,$51-100,日本菜,262,9,358,4.0,75,22.28306,114.21278
鳥山名,荃灣青山公路荃灣段398號愉景新城1樓1025-1026號舖,荃灣,$201-400,日本菜,307,4,359,4.0,300,22.37806,114.10528
叉燒大王,沙田沙田大涌橋路20號河畔花園D座地下39號舖,沙田,$51-100,港式,290,17,359,4.0,75,22.3827,114.19191
中環茶記,中環威靈頓66號裕榮大廈地舖,中環,$51-100,粵菜 (廣東),311,11,362,4.0,75,22.282598,114.16674
自助山,灣仔皇后大道東183號合和中心62樓,灣仔,$401-800,多國菜,195,29,363,4.0,600,22.2775,114.17306
熊小館,九龍灣宏照道38號企業廣場5期Megabox 11樓,九龍灣,$51-100,西式,320,5,363,4.5,75,22.3081,114.2019
蟲二,旺角上海街618號頂樓,旺角,$101-200,日本菜,245,29,364,4.0,150,22.315031,114.173134
牧羊少年咖啡館 (葵青劇院),葵芳興寧路12號葵青劇院地下2號舖,葵芳,$101-200,西式,201,14,364,3.5,150,22.3578,114.1298
Layback Cafe & Bar,尖沙咀加連威老道41號C-D嘉威大厦4樓B室,尖沙咀,$101-200,多國菜,313,13,365,4.0,150,22.2988,114.1722
牛繁 (MW Plaza),尖沙咀金巴利道40號MW Plaza地舖,尖沙咀,$201-400,日本菜,306,12,365,4.0,300,22.2988,114.1722
Top Blade Steak Lab (希慎道),銅鑼灣希慎道2-4號地舖,銅鑼灣,$101-200,西式,335,6,366,4.5,150,22.28056,114.18667
Noc Noc,大埔舊墟直街28號榮麗苑地下B號舖,大埔,$101-200,多國菜,334,3,366,4.0,150,22.448,114.16946000000002
餃子屋,荃灣西樓角路202-216荃昌商場1樓58號舖,荃灣,$50以下,京川滬,241,12,367,4.0,50,22.37806,114.10528
La Moo Moo' s Steak and Fries,灣仔軒尼詩道239號18樓,灣仔,$201-400,澳洲菜,348,6,368,4.5,300,22.2775,114.17306
凡直友里,元朗又新街53-59號滿利大廈地下,元朗,$101-200,多國菜,321,4,369,4.5,150,22.44444,114.02583
立体派拉麵 (威靈頓街),中環威靈頓街27-29號元益大廈地庫,中環,$51-100,日本菜,253,14,369,4.0,75,22.282598,114.16674
SuperNormal,九龍灣牛頭角道77號淘大商場2期地下196-199號舖,九龍灣,$101-200,意大利菜,339,0,370,4.5,150,22.3081,114.2019
翔壽司,尖沙咀厚福街5-6號多富閣地下4號舖,尖沙咀,$101-200,日本菜,335,1,371,4.5,150,22.2988,114.1722
鳳雛燉雞,旺角彌敦道726號10樓,旺角,$101-200,韓國菜,281,17,371,4.0,150,22.315031,114.173134
La Vache!,中環蘇豪卑利街48號地舖,中環,$201-400,法國菜,267,19,371,4.0,300,22.282598,114.16674
壽司郎,佐敦彌敦道348號彌敦坊UG樓,佐敦,$101-200,日本菜,250,8,372,4.0,150,22.3049,114.1692
老闆娘雲南米線,荃灣曹公街8號香車街熟食中心3樓28-29號舖,荃灣,$50以下,滇菜 (雲南),218,22,372,3.5,50,22.37806,114.10528
Siam 28,銅鑼灣軒尼詩道525號澳門逸園中心28樓,銅鑼灣,$101-200,泰國菜,304,3,373,4.0,150,22.28056,114.18667
捌壹壹,旺角奶路臣街33號地下F號舖,旺角,$101-200,川菜 (四川),326,10,373,4.5,150,22.315031,114.173134
Barg,銅鑼灣耀華街3號百樂中心1樓,銅鑼灣,$201-400,意大利菜,324,7,373,4.0,300,22.28056,114.18667
金田家,元朗元龍街9號形點一期1樓1023號舖,元朗,$51-100,日本菜,313,6,373,4.0,75,22.44444,114.02583
茶餐廳2.0,荃灣青山道398號愉景新城第二層2029號舖,荃灣,$50以下,港式,300,21,374,4.0,50,22.37806,114.10528
雞翼山 (T.O.P This is Our Place),旺角彌敦道700號 T.O.P. 地下14號舖,旺角,$51-100,港式,328,2,374,4.5,75,22.315031,114.173134
丸十日本食堂,葵芳興芳路223號新都會廣場4樓484-487號舖,葵芳,$201-400,日本菜,278,25,375,4.0,300,22.3578,114.1298
金鶴拉麵 (九龍城道),土瓜灣九龍城道10-16A號聯業大廈地下B舖,土瓜灣,$101-200,日本菜,346,2,376,4.5,150,22.3173,114.188
Paper Moon,尖沙咀廣東道3-27號海港城海運大廈3樓OTE301號舖,尖沙咀,$401-800,意大利菜,173,40,377,4.0,600,22.2988,114.1722
九份飽 (蜆殼街),北角蜆殼街4號宇宙商業大廈地下1-3號舖,北角,$50以下,台灣菜,316,8,377,4.0,50,22.2885,114.1928
六合小廚,尖沙咀廣東道116-120號海威商業中心7樓,尖沙咀,$51-100,港式,349,3,378,4.0,75,22.2988,114.1722
哈豆,觀塘成業街19號成業工業大廈2樓29室,觀塘,$51-100,台灣菜,332,7,379,4.0,75,22.31056,114.22278
Pizza Maru,銅鑼灣軒尼詩道500號希慎廣場13樓1302舖,銅鑼灣,$101-200,韓國菜,290,6,383,4.0,150,22.28056,114.18667
古今,銅鑼灣軒尼詩道525號澳門逸園中心21樓,銅鑼灣,$201-400,日本菜,351,4,383,4.5,300,22.28056,114.18667
屋子咖啡,大圍積信街49號安信樓地下P號舖,大圍,$51-100,日本菜,214,21,383,3.5,75,22.3759,114.1786
Villa Villa,北角錦屏街後街25A號東發大廈地下31號舖,北角,$101-200,西式,305,9,386,4.0,150,22.2885,114.1928
一杯屋,銅鑼灣軒尼詩道525號澳門逸園中心8樓,銅鑼灣,$101-200,日本菜,351,11,387,4.0,150,22.28056,114.18667
鯛魚魚湯專門店,鰂魚涌海堤街6-16號龍景大廈地下3A舖,鰂魚涌,$51-100,日本菜,287,11,387,4.0,75,22.28306,114.21278
二鍋頭 (福苑),旺角西洋菜南街138號福苑2樓,旺角,$101-200,港式,369,0,388,4.5,150,22.315031,114.173134
麻辣派對 (瑞生酒店),尖沙咀加連威老道29A號瑞生酒店1樓,尖沙咀,$101-200,川菜 (四川),318,17,388,4.0,150,22.2988,114.1722
Green Waffle Diner (形點),元朗元龍街9號形點一期地下G002號舖,元朗,$101-200,西式,311,7,388,4.0,150,22.44444,114.02583
玉桃軒酒家,銅鑼灣波斯富街99號利舞臺廣場20樓,銅鑼灣,$101-200,粵菜 (廣東),332,12,389,4.0,150,22.28056,114.18667
Cafe 2 Oyster n Grill,西環西營盤皇后大道西371號地下,西環,$101-200,西式,356,9,389,4.0,150,22.28352441,114.1401891
窩子,新蒲崗仁愛街36號地下,新蒲崗,$51-100,西式,306,9,390,4.0,75,22.3364,114.1989
Deer Kitchen (The Wave),觀塘興業街4號The Wave 6樓 01室,觀塘,$101-200,意大利菜,328,12,391,4.0,150,22.31056,114.22278
Chez Bistro,銅鑼灣耀華街3號百樂中心21樓,銅鑼灣,$201-400,西式,362,4,394,4.5,300,22.28056,114.18667
秘 (享成街),荃灣享成街22號地舖,荃灣,$51-100,日本菜,244,7,394,4.0,75,22.37806,114.10528
幸屋,灣仔機利臣街5-9A號維昌大廈地舖,灣仔,$51-100,日本菜,356,10,395,4.0,75,22.2775,114.17306
唐宮小聚 (新港中心),尖沙咀廣東道30號新港中心3樓303號舖,尖沙咀,$201-400,粵菜 (廣東),240,13,396,4.0,300,22.2988,114.1722
喜來稀肉,尖沙咀金巴利道79-81號金栢閣1樓連地下,尖沙咀,$101-200,韓國菜,286,13,398,4.0,150,22.2988,114.1722
叁茶陸飯,荃灣青山公路388號中染大廈1樓117號舖,荃灣,$51-100,台灣菜,213,39,398,3.5,75,22.37806,114.10528
NINETYs (皇后大道東),灣仔皇后大道東222號地下2號舖,灣仔,$201-400,西式,310,20,400,4.0,300,22.2775,114.17306
秋田浜燒食堂,尖沙咀天文臺圍8號地下,尖沙咀,$201-400,日本菜,388,1,400,4.5,300,22.2988,114.1722
唐宮小聚 (The L. Place),中環皇后大道中139號 The L. Place 2樓,中環,$201-400,粵菜 (廣東),267,14,401,4.0,300,22.282598,114.16674
餃掂手工餃子雲吞專門店,灣仔莊士敦道44號地下,灣仔,$51-100,粵菜 (廣東),290,28,401,4.0,75,22.2775,114.17306
Cafe Fabulous,旺角登打士街43H號登打士廣場9樓,旺角,$51-100,西式,345,22,401,4.0,75,22.315031,114.173134
一鳴拉麵,大埔運頭街20-26號廣安大廈地下E舖,大埔,$51-100,日本菜,328,19,401,4.0,75,22.448,114.16946000000002
J.S. FOODIES (又一城),九龍塘達之路80號又一城LG2樓30號舖i.t blue block,九龍塘,$101-200,多國菜,285,7,403,4.0,150,22.3369,114.1763
韓珍 (寶勒巷),尖沙咀寶勒巷6-8A號盈豐商業大廈1樓,尖沙咀,$201-400,韓國菜,311,17,409,4.0,300,22.2988,114.1722
Darci by Aldou,元朗鳳攸南街9號好順利大廈地下60號舖,元朗,$51-100,多國菜,334,19,412,4.0,75,22.44444,114.02583
Chapter 3 Steak Bar & Restaurant,太子花園街232-234號地下J號舖,太子,$101-200,西式,390,8,413,4.5,150,22.296091,114.173248
Time Park Lounge,尖沙咀棉登徑13-15號棉登大廈地庫,尖沙咀,$201-400,西式,383,4,413,4.5,300,22.2988,114.1722
豚道樂 (大河道),荃灣大河道63號卓明大廈地舖,荃灣,$51-100,日本菜,295,21,413,4.0,75,22.37806,114.10528
九井壽司,九龍灣宏照道38號Megabox 9樓25號舖,九龍灣,$51-100,日本菜,330,16,415,4.0,75,22.3081,114.2019
Dazzling Cafe (皇室堡),銅鑼灣告士打道311號皇室堡3樓313-314號舖,銅鑼灣,$101-200,多國菜,265,22,416,4.0,150,22.28056,114.18667
康瑞甜品,深水埗荔枝角道323號地舖,深水埗,$50以下,港式,264,4,417,4.0,50,22.32917,114.16028
一糖 (屏山),天水圍屏山上璋圍249號地下1號舖,天水圍,$51-100,港式,315,32,417,4.0,75,22.4606,114.0042
Chef's Stage Kitchen (西菁街),元朗西菁街23號富達廣場52-56號地舖,元朗,$201-400,西式,346,6,418,4.5,300,22.44444,114.02583
漁火海鮮刺身火鍋,銅鑼灣駱克道491-499號京都廣場8樓,銅鑼灣,$201-400,粵菜 (廣東),403,3,423,4.5,300,22.28056,114.18667
緣聚西日餐廳 (西裕街),元朗西裕街5-11號金福閣地庫,元朗,$101-200,日本菜,343,23,424,4.0,150,22.44444,114.02583
淥鼎記,觀塘觀塘道414號壹亞太中心8樓,觀塘,$201-400,港式,353,13,425,4.5,300,22.31056,114.22278
鮮入圍煮,旺角登打士街43H號登打士廣場2樓,旺角,$201-400,粵菜 (廣東),302,33,425,4.0,300,22.315031,114.173134
博多拉麵別天神,銅鑼灣告士打道277號地下3A號舖,銅鑼灣,$51-100,日本菜,353,9,426,4.0,75,22.28056,114.18667
阿木台灣麵 (廣華街),旺角廣華街8號地舖,旺角,$51-100,台灣菜,347,5,426,4.0,75,22.315031,114.173134
ZAKS,愉景灣D'Deck 地下G04及1樓103,愉景灣,$201-400,西式,272,37,428,4.0,300,22.2921,114.0101
貓之眼,灣仔汕頭街24號地舖,灣仔,$51-100,日本菜,287,17,428,4.0,75,22.2775,114.17306
天天海南雞飯 (Fashion Walk),銅鑼灣京士頓街9號Fashion Walk地下H2號舖,銅鑼灣,$101-200,新加坡菜,263,56,429,4.0,150,22.28056,114.18667
吞POT 雞煲火鍋.住家菜 (譽發廣場),旺角彌敦道560號譽發廣場22樓,旺角,$101-200,港式,399,4,429,4.5,150,22.315031,114.173134
隨心,鰂魚涌海光街12號地舖,鰂魚涌,$51-100,新加坡菜,352,17,430,4.0,75,22.28306,114.21278
101手工涮涮鍋 (金朝陽中心),銅鑼灣登龍街1-29號金朝陽中心2期29樓,銅鑼灣,$201-400,台灣菜,385,2,431,4.5,300,22.28056,114.18667
喜膳燒,尖沙咀寶勒巷10號地舖,尖沙咀,$101-200,港式,393,2,432,4.0,150,22.2988,114.1722
Green Waffle Diner (嘉咸街),中環嘉咸街35-39號嘉豪大廈地舖,中環,$101-200,西式,316,20,433,4.0,150,22.282598,114.16674
JUST'er Bar & Restaurant,尖沙咀山林道13號地下A1-A2號舖,尖沙咀,$101-200,日本菜,387,10,434,4.0,150,22.2988,114.1722
Morokok,旺角登打士街56號家樂坊8樓801號舖,旺角,$101-200,泰國菜,185,37,434,3.5,150,22.315031,114.173134
備長,銅鑼灣軒尼詩道525號澳門逸園中心26樓,銅鑼灣,$201-400,日本菜,369,14,437,4.0,300,22.28056,114.18667
Three on Canton,尖沙咀廣東道13號海港城港威酒店3樓,尖沙咀,$401-800,多國菜,211,23,438,3.5,600,22.2988,114.1722
Glasshouse (國際金融中心),中環港景街1號國際金融中心4樓4009號舖,中環,$101-200,西式,253,29,440,3.5,150,22.282598,114.16674
Warren,大坑華倫街9號地下1號舖,大坑,$401-800,多國菜,416,7,441,4.0,600,22.2752,114.1937
Cafe Zense,銅鑼灣謝斐道460-462號楊耀熾商業大廈4樓,銅鑼灣,$101-200,多國菜,374,5,442,4.0,150,22.28056,114.18667
長阪燒,旺角砵蘭街189號2樓,旺角,$201-400,日本菜,400,4,442,4.5,300,22.315031,114.173134
新泰東南亞餐廳,尖沙咀北京道12A號太子集團中心8樓,尖沙咀,$101-200,泰國菜,386,7,444,4.0,150,22.2988,114.1722
金羅寶韓國料理,銅鑼灣記利佐治街1號金百利廣場6樓,銅鑼灣,$101-200,韓國菜,365,21,446,4.0,150,22.28056,114.18667
寿司の神,元朗馬田路安寧大廈20-30B七號地舖,元朗,$801以上,日本菜,396,13,446,4.0,801,22.44444,114.02583
日本野,旺角西洋菜南街2A號銀城廣場9樓,旺角,$101-200,日本菜,400,13,448,4.0,150,22.315031,114.173134
蜜庵本膳,尖沙咀赫德道8號地下A號舖,尖沙咀,$101-200,日本菜,364,9,448,4.0,150,22.2988,114.1722
小漁港海鮮舫 鮮蒸‧鮮味火鍋,太子荔枝角道127-133號地下,太子,$201-400,港式,381,16,448,4.5,300,22.296091,114.173248
稻八日式火鍋炸物放題,大埔舊墟直街4-20號美新大廈地下A2號舖,大埔,$101-200,日本菜,419,5,451,4.5,150,22.448,114.16946000000002
瀛豐放題料理專門店,銅鑼灣駱克道491-499號京都廣場10樓,銅鑼灣,$401-800,泰國菜,280,56,451,3.5,600,22.28056,114.18667
1988,觀塘興業街16-18號美興工業大廈A座1樓A3室,觀塘,$51-100,泰國菜,385,7,451,4.0,75,22.31056,114.22278
La Postre (厚福街),尖沙咀厚福街8號H8地下,尖沙咀,$101-200,西班牙菜,327,20,452,4.0,150,22.2988,114.1722
ねずみの王冠 喫茶店,觀塘巧明街106號冠力工業大廈15樓1501室,觀塘,$101-200,日本菜,336,21,452,4.0,150,22.31056,114.22278
AGE Cuisine Express,太古英皇道1065號東達中心1104B室,太古,$101-200,多國菜,398,10,453,4.0,150,22.287,114.2198
2+2 Café,沙田白鶴汀街8號帝都酒店3樓,沙田,$201-400,多國菜,213,71,453,3.5,300,22.3827,114.19191
古早味台灣原味,銅鑼灣駱克道491-499號京都廣場5樓,銅鑼灣,$51-100,台灣菜,360,16,453,4.0,75,22.28056,114.18667
夫妻沸片-台式麻辣火鍋,旺角彌敦道639號雅蘭中心地庫B102號舖,旺角,$101-200,台灣菜,390,19,454,4.0,150,22.315031,114.173134
浜滝,九龍城福佬村道59號地下A舖,九龍城,$201-400,日本菜,381,28,456,4.0,300,22.31944,114.17778
拉麵台風,荃灣大河道81號寶成樓地下7號舖,荃灣,$51-100,日本菜,307,34,457,4.0,75,22.37806,114.10528
岩鹽日本料理,銅鑼灣波斯富街99號利舞臺廣場16樓A舖,銅鑼灣,$101-200,日本菜,379,7,459,4.0,150,22.28056,114.18667
泰象館,九龍城城南道48號地下,九龍城,$101-200,泰國菜,377,9,459,4.0,150,22.31944,114.17778
芝加哥串燒,大埔翠樂街11號美豐花園地下10號舖,大埔,$101-200,多國菜,430,5,459,4.5,150,22.448,114.16946000000002
和氣食堂 (河畔花園),沙田大涌橋路20-30號河畔花園地下35號舖,沙田,$101-200,日本菜,406,7,459,4.0,150,22.3827,114.19191
龍華酒店,沙田下禾輋村22號,沙田,$101-200,粵菜 (廣東),193,133,459,3.0,150,22.3827,114.19191
九份•十分 (河畔花園),沙田大涌橋路20-30號河畔花園地下27-28號舖,沙田,$51-100,台灣菜,338,20,460,4.0,75,22.3827,114.19191
渝味曉宇重慶老火鍋 (QRE Plaza),灣仔皇后大道東202號QRE Plaza 6樓,灣仔,$201-400,川菜 (四川),441,2,464,4.5,300,22.2775,114.17306
德福閣,旺角豉油街118號仕德福酒店閣樓,旺角,$201-400,西式,345,30,464,4.0,300,22.315031,114.173134
Go Dutch Cafe,旺角登打士街43H號登打士廣場10樓,旺角,$51-100,多國菜,376,36,464,4.0,75,22.315031,114.173134
極尚大喜屋 (銅鑼灣廣場一期),銅鑼灣軒尼詩道489號銅鑼灣廣場一期9樓,銅鑼灣,$201-400,日本菜,350,19,465,4.0,300,22.28056,114.18667
Bella Shine,觀塘巧明街114號迅達工業大廈2樓B室,觀塘,$101-200,日本菜,382,23,467,4.0,150,22.31056,114.22278
尚鮮海鮮料理,佐敦吳松街62-64 幸福商業大廈1樓,佐敦,$201-400,港式,438,3,467,4.5,300,22.3049,114.1692
韓屋,尖沙咀金巴利道69-71A號美園大廈地舖,尖沙咀,$101-200,韓國菜,394,26,468,4.0,150,22.2988,114.1722
四季良晨 (新都城中心),將軍澳貿業路8號新都城中心2期UG樓UG051F號舖,將軍澳,$51-100,台灣菜,425,2,468,4.5,75,22.309093,114.261688
嵐橋丼飯專門店,尖沙咀棉登徑白蘭軒道2號富峰行地下BCD號舖,尖沙咀,$101-200,日本菜,436,4,469,4.5,150,22.2988,114.1722
釜之魂釜飯專門店,九龍灣牛頭角道77號淘大商場三期地下G286-288號舖,九龍灣,$51-100,日本菜,330,40,469,4.0,75,22.3081,114.2019
ULURU,灣仔春園街1-11號春暉大廈1樓,灣仔,$101-200,西式,390,11,471,4.0,150,22.2775,114.17306
申子居酒屋,旺角黑布街74-76號藝興大廈地下1號舖,旺角,$201-400,日本菜,425,8,472,4.5,300,22.315031,114.173134
新泰東南亞餐廳,尖沙咀加拿分道25-31號國際商業信貸銀行大廈地下1A舖及地庫,尖沙咀,$101-200,泰國菜,430,5,474,4.5,150,22.2988,114.1722
風車,大圍積存街50號葵偉樓地舖,大圍,$51-100,西班牙菜,429,9,475,4.0,75,22.3759,114.1786
DAMA,尖沙咀梳士巴利道18號Victoria Dockside K11 Musea 4樓411號舖,尖沙咀,$51-100,港式,397,3,477,4.5,75,22.2988,114.1722
Vision 8,荃灣兆和街34號永安樓地舖,荃灣,$201-400,意大利菜,388,13,478,4.0,300,22.37806,114.10528
ROJO,天后炮台山木星街3號地下B舖,天后,$201-400,西班牙菜,420,11,479,4.0,300,22.2824,114.1922
美滋鍋,旺角登打士街56號家樂坊8樓803號舖,旺角,$201-400,港式,421,6,479,4.5,300,22.315031,114.173134
鮨真,尖沙咀亞士厘道17-19號20樓,尖沙咀,$801以上,日本菜,455,3,479,4.5,801,22.2988,114.1722
Aqua,尖沙咀北京道1號29樓,尖沙咀,$401-800,日本菜,240,78,480,3.5,600,22.2988,114.1722
Wanna Eat,新蒲崗彩虹道16號地下,新蒲崗,$51-100,西式,409,8,481,4.0,75,22.3364,114.1989
Green Waffle Diner (希慎廣場),銅鑼灣軒尼詩道500號希慎廣場13樓1303號舖,銅鑼灣,$101-200,西式,363,12,482,4.0,150,22.28056,114.18667
米走雞Live,觀塘興業街4號The Wave 3樓,觀塘,$101-200,港式,393,17,482,4.0,150,22.31056,114.22278
Pizza Piazza,荔枝角長沙灣道883號億利工業中心地下1A舖,荔枝角,$101-200,意大利菜,426,12,482,4.0,150,22.33611,114.13361
Y Pasta,銅鑼灣駱克道459-461號The L. Square14樓,銅鑼灣,$101-200,多國菜,402,21,484,4.0,150,22.28056,114.18667
玄鮨,銅鑼灣開平道1號Cubus 7樓,銅鑼灣,$801以上,日本菜,462,3,484,4.5,801,22.28056,114.18667
米走雞Deluxe,銅鑼灣渣甸街50號渣甸中心3樓,銅鑼灣,$101-200,港式,446,9,485,4.5,150,22.28056,114.18667
雪山冰廳,深水埗青山道62D號地舖,深水埗,$51-100,港式,394,13,487,4.0,75,22.32917,114.16028
老鍋台式火鍋 (金馬倫道),尖沙咀金馬倫道2-4號利達行4樓,尖沙咀,$201-400,台灣菜,392,21,488,4.0,300,22.2988,114.1722
肉骨皇,大坑浣紗街45號浣紗花園地下1號舖,大坑,$101-200,新加坡菜,397,35,489,4.0,150,22.2752,114.1937
幸福班戟,銅鑼灣新寧道1號利園三期2樓203-205號舖,銅鑼灣,$101-200,日本菜,306,17,490,4.0,150,22.28056,114.18667
甜姨姨私房甜品 (清風街),天后清風街13號地下,天后,$50以下,港式,362,31,490,4.0,50,22.2824,114.1922
M3 Italian,大圍積富街33號積康樓地下E-G舖,大圍,$801以上,意大利菜,410,22,491,4.0,801,22.3759,114.1786
Catee,荃灣楊屋道73號地下,荃灣,$201-400,西式,453,6,493,4.5,300,22.37806,114.10528
陳漢記,大埔運頭街91B地下,大埔,$51-100,港式,278,45,494,3.5,75,22.448,114.16946000000002
老鍋台式火鍋 (京都廣場),銅鑼灣駱克道491-499號京都廣場2樓,銅鑼灣,$201-400,台灣菜,466,8,497,4.5,300,22.28056,114.18667
The Oyster House,灣仔謝斐道154號地下C號舖,灣仔,$201-400,意大利菜,422,20,497,4.0,300,22.2775,114.17306
泰斗,尖沙咀海防道38-40號中達大廈4樓,尖沙咀,$201-400,泰國菜,401,20,497,4.0,300,22.2988,114.1722
瑞記咖啡,上環皇后大道中345號上環市政大廈2樓熟食中心17號舖,上環,$50以下,港式,323,13,498,3.5,50,22.28694,114.14861
十下,銅鑼灣登龍街28號永光中心2樓,銅鑼灣,$201-400,港式,422,8,500,4.0,300,22.28056,114.18667
Cafe Paradise (杏花邨),杏花邨盛泰道100號杏花新城地下G53A號舖,杏花邨,$51-100,意大利菜,449,7,500,4.0,75,22.1636,114.1424
渝味曉宇重慶老火鍋 (渣甸中心),銅鑼灣渣甸街50號渣甸中心8樓,銅鑼灣,$201-400,川菜 (四川),460,6,503,4.5,300,22.28056,114.18667
Add Some Thai Restaurant,觀塘開源道62號駱駝漆大廈一座9樓D室,觀塘,$101-200,泰國菜,369,28,507,4.0,150,22.31056,114.22278
The BASE nature,荃灣楊屋道1號荃新天地一期UG70號舖,荃灣,$50以下,西式,418,14,508,4.0,50,22.37806,114.10528
BRICK LANE Gallery,尖沙咀棉登徑17-23號地下,尖沙咀,$101-200,英國菜,362,37,511,4.0,150,22.2988,114.1722
為食仔海鮮火鍋專門店,旺角白布街4號地舖,旺角,$101-200,川菜 (四川),385,33,512,4.0,150,22.315031,114.173134
三川居酒屋,銅鑼灣軒尼詩道499號永光商業大廈地庫,銅鑼灣,$101-200,日本菜,460,5,513,4.0,150,22.28056,114.18667
Give Me 5,觀塘鴻圖道90號5樓,觀塘,$101-200,西式,430,20,514,4.0,150,22.31056,114.22278
茶園,灣仔港灣道1號君悅酒店閣樓,灣仔,$401-800,西式,341,46,514,4.0,600,22.2775,114.17306
Lo Spazio,銅鑼灣恩平道42號亨利中心7樓,銅鑼灣,$201-400,意大利菜,457,10,515,4.0,300,22.28056,114.18667
GREEN,尖沙咀科學館道17號唯港薈地下,尖沙咀,$201-400,西式,333,26,517,4.0,300,22.2988,114.1722
荳子 (PopCorn),將軍澳唐賢街9號PopCorn商場1樓F95號舖,將軍澳,$101-200,西式,333,17,520,4.0,150,22.309093,114.261688
家賀屋刺身寿司專門店,灣仔灣仔道83號1樓,灣仔,$101-200,日本菜,453,13,521,4.0,150,22.2775,114.17306
S2 鐵板燒,佐敦偉晴街29-37號地下6號舖,佐敦,$401-800,日本菜,467,24,522,4.0,600,22.3049,114.1692
番茄師兄,深水埗基隆街255號地舖,深水埗,$51-100,港式,378,24,523,4.0,75,22.32917,114.16028
蘇媽.蘇媽馬來西亞茶餐室,深水埗基隆街251號地下,深水埗,$51-100,馬來西亞菜,288,35,526,3.5,75,22.32917,114.16028
牛之鍋,荃灣荃華街3號悅來坊2樓202號舖,荃灣,$101-200,日本菜,465,11,529,4.0,150,22.37806,114.10528
黑門水產すいさん,尖沙咀棉登徑8號地下3-4號舖,尖沙咀,$201-400,日本菜,481,16,530,4.5,300,22.2988,114.1722
牛魔,尖沙咀棉登徑8號地下5-6號舖,尖沙咀,$201-400,日本菜,493,7,532,4.5,300,22.2988,114.1722
味道樂居酒屋 (河內道),尖沙咀河內道2號地舖,尖沙咀,$101-200,日本菜,488,12,533,4.5,150,22.2988,114.1722
Ember,銅鑼灣告士打道229-230號宇宙商業大廈地舖,銅鑼灣,$201-400,西式,510,5,534,4.5,300,22.28056,114.18667
Green Orange,上環永樂街50號昌盛大廈2樓,上環,$101-200,意大利菜,475,6,535,4.5,150,22.28694,114.14861
Amitie Kitchen,尖沙咀厚福街8號H8 9樓,尖沙咀,$201-400,意大利菜,505,3,535,4.5,300,22.2988,114.1722
Mr. Steak Buffet à la minute,銅鑼灣告士打道280號世貿中心6樓,銅鑼灣,$401-800,多國菜,328,58,536,4.0,600,22.28056,114.18667
登堂,觀塘興業街4號The Wave2樓,觀塘,$101-200,多國菜,431,25,537,4.0,150,22.31056,114.22278
平昌,旺角西洋菜街1號兆萬中心13樓,旺角,$101-200,韓國菜,431,26,539,4.0,150,22.315031,114.173134
古今二 (官塘工業中心),觀塘觀塘道436-446號官塘工業中心4期1樓B室,觀塘,$201-400,日本菜,433,7,539,4.0,300,22.31056,114.22278
火水爐冰室火鍋,旺角煙廠街33號朗廷軒1樓,旺角,$101-200,港式,445,24,541,4.0,150,22.315031,114.173134
Rimi Cafe,旺角登打士街43H號登打士廣場20樓,旺角,$101-200,西式,450,8,542,4.0,150,22.315031,114.173134
六公館,尖沙咀廣東道3-27號海港城海運大廈地下OTE 101號舖,尖沙咀,$401-800,粵菜 (廣東),371,28,543,4.0,600,22.2988,114.1722
Goobne Chicken (V Point ),銅鑼灣登龍街18號V Point 25樓,銅鑼灣,$101-200,韓國菜,463,13,545,4.0,150,22.28056,114.18667
和牛燒肉‧純,尖沙咀東部加連威老道96號希爾頓大廈1樓3號舖,尖沙咀,$401-800,日本菜,484,6,546,4.5,600,22.2988,114.1722
HeSheEat (綠楊坊),荃灣蕙荃路22-26號綠楊坊地下G15-16舗,荃灣,$51-100,西式,474,10,548,4.5,75,22.37806,114.10528
鮨文,元朗仁樂坊5號利發大廈地下E舖,元朗,$801以上,日本菜,502,11,549,4.5,801,22.44444,114.02583
我愛慢煮 (普慶坊),上環普慶坊18號地下G2號舖,上環,$101-200,多國菜,493,15,550,4.5,150,22.28694,114.14861
Orange Elephant Thai Restaurant (博文街),大角咀博文街42號,大角咀,$101-200,泰國菜,494,10,551,4.0,150,22.3198,114.1621
Ocio (積存街),大圍積存街74-76號地下A舖,大圍,$101-200,多國菜,429,30,552,4.0,150,22.3759,114.1786
滾得囍宮廷火鍋小炒,北角馬寶道33號馬寶學林1樓116-125號舖,北角,$201-400,粵菜 (廣東),498,9,553,4.5,300,22.2885,114.1928
凡高廚房,銅鑼灣軒尼詩道451-457號勝華樓2樓B室,銅鑼灣,$201-400,意大利菜,474,24,554,4.0,300,22.28056,114.18667
CURATOR BY LEX ART CAFÉ,尖沙咀梳士巴利道18號Victoria Dockside K11 Musea B1樓B113C號舖,尖沙咀,$101-200,西式,498,4,555,4.0,150,22.2988,114.1722
Shari Shari Kakigori House 氷屋,銅鑼灣希雲街14號地舖,銅鑼灣,$51-100,日本菜,405,6,555,4.0,75,22.28056,114.18667
i kitchen,觀塘巧明街106號冠力工業大廈201室,觀塘,$101-200,多國菜,486,10,559,4.0,150,22.31056,114.22278
翠林辣蟹舫,尖沙咀亞士厘道24-38號天星大廈1樓A號舖,尖沙咀,$101-200,粵菜 (廣東),510,14,561,4.5,150,22.2988,114.1722
餃掂手工餃子雲吞專門店,太子界限街30號地下,太子,$51-100,粵菜 (廣東),452,16,563,4.0,75,22.296091,114.173248
麻辣派對 (金百利廣場),銅鑼灣記利佐治街1號金百利廣場4樓R1號舖,銅鑼灣,$101-200,川菜 (四川),443,18,564,4.0,150,22.28056,114.18667
Chalet,荃灣青山公路407-411號金荃大廈地下B鋪 (8咪半對面),荃灣,$201-400,西式,492,19,567,4.0,300,22.37806,114.10528
Texas Burger,旺角亞皆老街8號朗豪坊12樓1A號舖,旺角,$51-100,西式,505,7,568,4.0,75,22.315031,114.173134
阿元來了 (鴻圖道),觀塘鴻圖道28號地下後座,觀塘,$51-100,台灣菜,291,28,570,4.0,75,22.31056,114.22278
Burgerman,深水埗欽州街65-71號地下,深水埗,$51-100,美國菜,480,16,571,4.0,75,22.32917,114.16028
SPICE Restaurant & Bar,尖沙咀諾士佛臺1號2樓,尖沙咀,$201-400,印度菜,507,11,572,4.5,300,22.2988,114.1722
一鍋堂 (大鴻輝(荃灣)中心),荃灣眾安街55號大鴻輝(荃灣)中心11樓,荃灣,$101-200,港式,458,11,573,4.5,150,22.37806,114.10528
MOO MOO,觀塘巧明街94-96號鴻圖中心地下1A號舖,觀塘,$51-100,西式,513,4,573,4.5,75,22.31056,114.22278
部屋咖啡室,旺角登打士街43H號登打士廣場12樓,旺角,$51-100,西式,490,15,573,4.0,75,22.315031,114.173134
羅東肉焿番,元朗鳳翔路69號建輝大廈地下5號舖,元朗,$51-100,台灣菜,446,13,573,4.0,75,22.44444,114.02583
成都老碼頭火鍋,旺角塘尾道61號地舖,旺角,$201-400,川菜 (四川),492,20,576,4.0,300,22.315031,114.173134
深宵食堂,銅鑼灣耀華街百樂中心6樓,銅鑼灣,$201-400,日本菜,509,18,577,4.0,300,22.28056,114.18667
酒鍋 (天文台道),尖沙咀天文台道8號2樓1號舖,尖沙咀,$201-400,粵菜 (廣東),454,25,579,4.0,300,22.2988,114.1722
尚鮮日式燒肉漁市場,銅鑼灣謝斐道496號金利文廣場3樓,銅鑼灣,$201-400,日本菜,420,50,580,4.0,300,22.28056,114.18667
16 Shell,天后炮台山蜆殼街6-16號寶榮大廈地下B舖,天后,$101-200,意大利菜,524,9,581,4.0,150,22.2824,114.1922
OPPA韓國燒肉店,大埔舊墟直街4-20號美新大廈地下B2舖,大埔,$101-200,韓國菜,522,16,582,4.0,150,22.448,114.16946000000002
瘋狂小面,中環士丹利街66-72號佳德商業大廈1樓,中環,$51-100,川菜 (四川),471,23,582,4.0,75,22.282598,114.16674
新南苑私房菜火鍋鷄煲 (華僑商業中心),旺角彌敦道678號華僑商業中心3樓,旺角,$201-400,港式,505,12,584,4.0,300,22.315031,114.173134
南瀛水產,尖沙咀金馬倫道5號太興廣場5樓,尖沙咀,$201-400,日本菜,524,21,586,4.5,300,22.2988,114.1722
甜牙牙,旺角廣華街3號百利達廣場地下4號舖,旺角,$50以下,港式,388,67,586,3.5,50,22.315031,114.173134
泰屋,旺角彌敦道726號2樓,旺角,$101-200,泰國菜,504,10,588,4.0,150,22.315031,114.173134
Bellevue Bar and Grill,旺角彌敦道558-560號譽發廣場23樓,旺角,$201-400,西式,514,5,591,4.5,300,22.315031,114.173134
Outdark (厚福街),尖沙咀厚福街8號H8 17樓,尖沙咀,$101-200,韓國菜,490,13,594,4.0,150,22.2988,114.1722
德美壽司,尖沙咀厚福街8號H8 5樓,尖沙咀,$101-200,日本菜,452,16,595,4.0,150,22.2988,114.1722
茶墨,尖沙咀彌敦道100號The ONE 4樓L411號舖,尖沙咀,$50以下,日本菜,446,13,595,4.0,50,22.2988,114.1722
醉胡爐,尖沙咀柯士甸路20號保發商業大廈地舖,尖沙咀,$201-400,港式,537,7,599,4.5,300,22.2988,114.1722
桂花小幸 (將軍澳廣場),將軍澳唐德街1號將軍澳廣場1樓133-135號舖,將軍澳,$51-100,台灣菜,482,18,600,4.0,75,22.309093,114.261688
Olive Cafe (新領域廣場),荃灣西樓角路1-17號新領域廣場地下4號舖,荃灣,$51-100,西式,463,35,600,4.0,75,22.37806,114.10528
The Point - Pizza & Pasta (The ONE),尖沙咀彌敦道100號The ONE 4樓409號舖,尖沙咀,$101-200,意大利菜,457,19,601,4.0,150,22.2988,114.1722
雅 ‧悠蔬食,尖沙咀金馬倫道48號中國保險大廈3樓B號舖,尖沙咀,$101-200,多國菜,499,14,606,4.0,150,22.2988,114.1722
OPPA韓國燒肉店,旺角洗衣街117號建煌華廈地下,旺角,$101-200,韓國菜,520,18,609,4.0,150,22.315031,114.173134
The Right Place (寶勒巷),尖沙咀寶勒巷17-19號地下,尖沙咀,$101-200,多國菜,563,5,609,4.0,150,22.2988,114.1722
Shake Shack (國際金融中心),中環港景街1號國際金融中心4樓4018號舖,中環,$51-100,美國菜,323,22,609,4.0,75,22.282598,114.16674
Lex Coffee,西環堅尼地城卑路乍街100號地舖,西環,$101-200,西式,507,10,612,4.0,150,22.28352441,114.1401891
樓下冰室,荃灣路德圍14-18號B舖,荃灣,$51-100,港式,478,10,612,4.0,75,22.37806,114.10528
小曼谷海鮮燒烤屋,九龍城太子道西398號御太子地下1-3號舖,九龍城,$101-200,泰國菜,516,19,614,4.0,150,22.31944,114.17778
嵐山日本料理,尖沙咀棉登徑11號地舖,尖沙咀,$201-400,日本菜,548,8,614,4.0,300,22.2988,114.1722
Misu Seafood Cuisine,灣仔皇后大道東202號QRE Plaza 26樓,灣仔,$101-200,多國菜,580,2,615,4.5,150,22.2775,114.17306
吃吧,旺角彌敦道566-568號僑建大廈2樓2室,旺角,$101-200,西式,537,6,616,4.0,150,22.315031,114.173134
六両三,尖沙咀宜昌街3號地下,尖沙咀,$51-100,台灣菜,436,34,617,4.0,75,22.2988,114.1722
熊本燒肉,銅鑼灣謝斐道477-481號3樓,銅鑼灣,$201-400,日本菜,491,43,618,4.0,300,22.28056,114.18667
御膳,觀塘敬業街65-67號敬運工業大廈12樓F室,觀塘,$201-400,粵菜 (廣東),521,27,623,4.0,300,22.31056,114.22278
村爺爺龍蝦湯.泡飯.燉湯專家,油麻地砵蘭街72號地下,油麻地,$51-100,港式,439,42,623,4.0,75,22.3069,114.1714
喜鍋 海鮮‧火鍋‧小廚,旺角上海街428號地舖,旺角,$201-400,港式,607,2,624,4.5,300,22.315031,114.173134
哈豆,觀塘駿業里6號富利工業大廈3樓A室,觀塘,$50以下,台灣菜,536,9,624,4.0,50,22.31056,114.22278
Chef's Stage Kitchen (愉景新城),荃灣青山公路荃灣段398號愉景新城1樓1056D&1058號舖,荃灣,$201-400,西式,549,6,625,4.5,300,22.37806,114.10528
Fifty Fifty,長沙灣東沙島街青山道181號地下C舖,長沙灣,$51-100,意大利菜,534,13,626,4.0,75,22.3358,114.1495
咖啡灣 (荃灣千色匯),荃灣眾安街68號荃灣千色匯II期地下G30-G33號舖,荃灣,$51-100,西式,422,34,628,4.0,75,22.37806,114.10528
金鶴拉麵 (閩街),佐敦閩街3號地舖,佐敦,$101-200,日本菜,548,11,629,4.5,150,22.3049,114.1692
磯野水產,銅鑼灣軒尼詩道525號澳門逸園中心19樓,銅鑼灣,$201-400,日本菜,609,3,629,4.5,300,22.28056,114.18667
FireBird,銅鑼灣邊寧頓街13號隆堡柏寧頓酒店地下,銅鑼灣,$201-400,日本菜,565,15,633,4.0,300,22.28056,114.18667
極尚大瀛喜日本料理,觀塘觀塘道414號1亞太中心5樓,觀塘,$201-400,日本菜,511,12,633,4.0,300,22.31056,114.22278
LOST STARS LIVEHOUSE BAR & EATERY,大角咀利得街11號利奥坊一期地下506號舖,大角咀,$101-200,多國菜,581,8,634,4.5,150,22.3198,114.1621
am.pm,油麻地彌敦道560譽發廣場地下B舖,油麻地,$50以下,西式,382,37,636,4.0,50,22.3069,114.1714
渝味曉宇重慶老火鍋 (太子集團中心),尖沙咀北京道12A號太子集團中心19樓,尖沙咀,$201-400,川菜 (四川),582,6,645,4.5,300,22.2988,114.1722
Milu Thai มิลู่ไทย,銅鑼灣耀華街3號百樂中心2樓,銅鑼灣,$101-200,泰國菜,585,5,646,4.5,150,22.28056,114.18667
スーパー丼,銅鑼灣駱克道501號地舖,銅鑼灣,$101-200,日本菜,503,32,646,4.0,150,22.28056,114.18667
Mamaday,尖沙咀加連威老道29號信基商業中心2樓,尖沙咀,$101-200,多國菜,571,9,648,4.5,150,22.2988,114.1722
Cafe Paradise (砵蘭街),太子砵蘭街412號地舖,太子,$51-100,意大利菜,588,5,648,4.0,75,22.296091,114.173248
Espuma (QRE Plaza),灣仔皇后大道東202號QRE Plaza 25樓,灣仔,$101-200,西班牙菜,523,21,650,4.0,150,22.2775,114.17306
圓山台灣料理,尖沙咀金巴利道25號長利商業大廈1及2樓,尖沙咀,$201-400,台灣菜,573,8,650,4.0,300,22.2988,114.1722
Cosmos Restaurant & Bar,尖沙咀寶勒巷27號東滙商業大厦地舖,尖沙咀,$101-200,西式,549,27,651,4.0,150,22.2988,114.1722
Bakehouse,灣仔大王東街14號地舖,灣仔,$51-100,西式,446,18,652,4.0,75,22.2775,114.17306
一鍋堂 (XX Arcade),旺角豉油街60-104號XX Arcade東翼2樓,旺角,$101-200,港式,562,8,655,4.5,150,22.315031,114.173134
串酒里,尖沙咀山林道6號B舖 (漢國中心對面),尖沙咀,$201-400,日本菜,586,18,656,4.0,300,22.2988,114.1722
老川皇,旺角登打士街32號歐美廣場1樓,旺角,$51-100,川菜 (四川),526,24,656,4.0,75,22.315031,114.173134
Non Kitchen,觀塘鴻圖道12精棉工業大廈1樓,觀塘,$201-400,西式,618,5,658,4.5,300,22.31056,114.22278
LAB EAT Restaurant & Bar (T.O.P This is Our Place),旺角彌敦道700號T.O.P. This is Our Place 5樓502號舖,旺角,$201-400,西式,521,25,658,4.5,300,22.315031,114.173134
築地日本料理 (金百利廣場),銅鑼灣記利佐治街1號金百利廣場7樓R1室,銅鑼灣,$101-200,日本菜,581,17,660,4.0,150,22.28056,114.18667
18樓雞煲火鍋專門店,荃灣眾安街55號大鴻輝(荃灣)中心18樓,荃灣,$101-200,粵菜 (廣東),607,3,663,4.5,150,22.37806,114.10528
樂天大喜屋,旺角彌敦道593-601號創興廣場2樓,旺角,$201-400,日本菜,487,23,663,4.0,300,22.315031,114.173134
羲和雅苑,尖沙咀廣東道3-27號海港城海運大廈2樓OTE203號舖,尖沙咀,$401-800,京菜 (官府菜),473,55,664,4.0,600,22.2988,114.1722
初見,荃灣海壩街22號華達樓地下F號舖,荃灣,$101-200,日本菜,578,12,665,4.0,150,22.37806,114.10528
Steak Bar,銅鑼灣登龍街36-48號登輝大廈地下B號舖,銅鑼灣,$101-200,日本菜,533,27,667,4.0,150,22.28056,114.18667
吞POT 雞煲火鍋.住家菜,旺角彌敦道726號23樓,旺角,$101-200,港式,601,3,667,4.0,150,22.315031,114.173134
Orange Elephant Thai Restaurant (啟德道),九龍城啟德道31-33號地舖,九龍城,$101-200,泰國菜,562,17,667,4.0,150,22.31944,114.17778
慢理牆城,油麻地砵蘭街28號M1酒店1樓,油麻地,$201-400,西式,534,19,667,4.0,300,22.3069,114.1714
Grill ขุนทอง,中環蘭桂坊德己立街17-19號地下,中環,$101-200,泰國菜,627,2,668,4.0,150,22.282598,114.16674
Burgerman,大角咀埃華街95-97號地下,大角咀,$51-100,美國菜,590,14,668,4.0,75,22.3198,114.1621
Fûhn (The L. Square),銅鑼灣駱克道459-461號The L. Square 1樓,銅鑼灣,$101-200,越南菜,539,20,669,4.0,150,22.28056,114.18667
Odelice! (蘭杜街),灣仔蘭杜街2號地下9號舖,灣仔,$101-200,法國菜,543,27,672,4.0,150,22.2775,114.17306
Odelice! (The ONE),尖沙咀彌敦道100號The ONE4樓L407號舖,尖沙咀,$201-400,法國菜,535,20,676,4.0,300,22.2988,114.1722
8鍋臭臭鍋 (金巴利道),尖沙咀金巴利道77號地舖,尖沙咀,$101-200,台灣菜,504,16,681,4.0,150,22.2988,114.1722
Lockeroom Dining (朗晴坊),旺角砵蘭街215號朗晴坊8樓,旺角,$101-200,西式,645,0,683,4.5,150,22.315031,114.173134
The Market,尖沙咀科學館道17號唯港薈2樓,尖沙咀,$401-800,多國菜,449,47,684,4.0,600,22.2988,114.1722
The Place,旺角上海街555號香港康得思酒店L樓層,旺角,$401-800,多國菜,354,89,689,3.5,600,22.315031,114.173134
響 - Hibiki 日本燒肉,佐敦白加士街101號珀軒1樓,佐敦,$201-400,日本菜,598,30,696,4.5,300,22.3049,114.1692
Le Viet,尖沙咀彌敦道100號The ONE 4樓L402舖,尖沙咀,$101-200,越南菜,554,26,699,4.0,150,22.2988,114.1722
Plato Cafe & Bistro (吳松街),佐敦吳松街186-188號地舖,佐敦,$101-200,意大利菜,609,21,700,4.0,150,22.3049,114.1692
極尚大瀛喜日本料理,銅鑼灣駱克道463-483號銅鑼灣廣場二期11樓,銅鑼灣,$201-400,日本菜,583,12,700,4.0,300,22.28056,114.18667
Hami Harmony,太子西洋菜北街161號地下A舖,太子,$101-200,意大利菜,538,30,704,4.0,150,22.296091,114.173248
滿屋日本料理,荃灣眾安街55號大鴻輝(荃灣)中心10樓,荃灣,$201-400,日本菜,566,67,704,4.0,300,22.37806,114.10528
Home Sweet Home,太子基隆街13號永基樓地舖,太子,$201-400,西式,615,30,709,4.0,300,22.296091,114.173248
鮨一日本料理 (厚福街),尖沙咀厚福街12號藍馬商業大廈18樓,尖沙咀,$201-400,日本菜,560,28,713,4.0,300,22.2988,114.1722
彌敦左岸,尖沙咀赫德道5-9號德裕中心地下及1樓,尖沙咀,$201-400,西式,633,9,714,4.0,300,22.2988,114.1722
Goobne Chicken (瓊華中心),旺角彌敦道628號瓊華中心15樓,旺角,$101-200,韓國菜,519,23,717,4.0,150,22.315031,114.173134
Espresso Alchemy,尖沙咀彌敦道132號美麗華商場B1層B116號舖,尖沙咀,$101-200,西式,636,10,718,4.0,150,22.2988,114.1722
掌壽司,觀塘開源道60號駱駝漆大廈3座5樓U室,觀塘,$201-400,日本菜,583,31,718,4.0,300,22.31056,114.22278
ATUM Restaurant,尖沙咀河內道18號K11購物藝術館1樓101B號舖,尖沙咀,$201-400,西式,566,30,722,4.0,300,22.2988,114.1722
極尚大喜屋 (加連威老道),尖沙咀加連威老道2-6號愛賓商業大廈1樓102號舖,尖沙咀,$201-400,日本菜,512,31,727,4.0,300,22.2988,114.1722
FLIPPER'S,銅鑼灣軒尼詩道500號希慎廣場6樓i.t blue block,銅鑼灣,$51-100,日本菜,429,41,734,4.0,75,22.28056,114.18667
DK Cuppa Tea,上環新街市街19號地舖,上環,$201-400,西式,642,7,740,4.0,300,22.28694,114.14861
和匠日式燒肉店,佐敦長樂街23-27號德威大廈地下3號舖,佐敦,$201-400,日本菜,672,20,740,4.0,300,22.3049,114.1692
殿 大喜屋,尖沙咀金巴利道26號1樓,尖沙咀,$201-400,日本菜,524,28,747,4.0,300,22.2988,114.1722
一起果醬,尖沙咀松山道15-17號地下D舖,尖沙咀,$101-200,西式,604,28,754,4.0,150,22.2988,114.1722
吉列牛忌廉烏冬專門店 (彌敦道),旺角彌敦道726號17樓,旺角,$101-200,韓國菜,516,43,756,4.0,150,22.315031,114.173134
The Stadium,觀塘興業街4號The Wave 4樓,觀塘,$101-200,美國菜,559,32,756,4.0,150,22.31056,114.22278
米走雞 (太子藍馬之城),旺角彌敦道761號太子藍馬之城2樓,旺角,$201-400,港式,655,17,758,4.0,300,22.315031,114.173134
程班長台灣美食,荔枝角長沙灣道883號億利工業中心1樓102室,荔枝角,$51-100,台灣菜,450,32,766,3.5,75,22.33611,114.13361
i CREMERiA Café,旺角亞皆老街8號朗豪坊4樓13號舖,旺角,$51-100,日本菜,623,14,767,4.0,75,22.315031,114.173134
鳥居居酒屋,銅鑼灣軒尼詩道525號澳門逸園中心17樓,銅鑼灣,$201-400,日本菜,676,35,772,4.0,300,22.28056,114.18667
炊豕店 (加路連山道),銅鑼灣加路連山道11號地下,銅鑼灣,$51-100,港式,609,29,773,4.0,75,22.28056,114.18667
爆丼屋,旺角豉油街50號地下8號舖,旺角,$101-200,日本菜,330,109,774,3.5,150,22.315031,114.173134
青花,旺角奶路臣街17號The Forest 1樓107-108號舖,旺角,$101-200,泰國菜,543,47,783,4.0,150,22.315031,114.173134
Goobne Chicken (The Hart),尖沙咀赫德道4號The Hart 2樓,尖沙咀,$101-200,韓國菜,592,20,790,4.0,150,22.2988,114.1722
孖啡,旺角彌敦道577號高氏大樓4樓,旺角,$101-200,西式,602,40,797,4.0,150,22.315031,114.173134
慢煮工業,太子太子道西91號地舖,太子,$51-100,西式,573,52,800,4.0,75,22.296091,114.173248
Check-In Taipei,中環蘇豪荷李活道27號地舖,中環,$101-200,台灣菜,642,32,801,4.0,150,22.282598,114.16674
酒鍋 (V Point),銅鑼灣登龍街18號V Point 27樓,銅鑼灣,$201-400,粵菜 (廣東),680,37,801,4.0,300,22.28056,114.18667
Mini Friday (The Wave),觀塘興業街4號The Wave 3樓,觀塘,$101-200,西式,633,37,804,4.0,150,22.31056,114.22278
大本瀛日式放題,旺角西洋菜街1號兆萬中心10樓,旺角,$201-400,日本菜,707,24,817,4.0,300,22.315031,114.173134
霸嗎拉麵 (金巴利道),尖沙咀金巴利道26號地舖,尖沙咀,$51-100,日本菜,557,41,818,4.0,75,22.2988,114.1722
吉列牛忌廉烏冬專門店 (百樂中心),銅鑼灣耀華街3號百樂中心22樓,銅鑼灣,$101-200,韓國菜,725,16,826,4.0,150,22.28056,114.18667
肚餓了串燒烤焗專門店,尖沙咀亞士厘道17-19號6樓,尖沙咀,$101-200,港式,676,63,831,4.0,150,22.2988,114.1722
泰廚泰國菜館,旺角通菜街126號地下,旺角,$101-200,泰國菜,675,30,836,4.0,150,22.315031,114.173134
御滿屋日本料理,旺角彌敦道655號胡社生行1樓,旺角,$201-400,日本菜,696,56,837,4.0,300,22.315031,114.173134
S2 Kitchen,中環威靈頓街51號地下A舖,中環,$401-800,日本菜,711,55,841,4.0,600,22.282598,114.16674
Outdark (飛達商業中心),旺角彌敦道613號飛達商業中心2樓,旺角,$50以下,韓國菜,736,16,842,4.5,50,22.315031,114.173134
和氣食堂 (黃大仙中心),黃大仙正德街103號黃大仙中心南館地下G12A號舖,黃大仙,$101-200,日本菜,732,10,846,4.5,150,22.3548,114.1974
Mr. Crab by The Captain's House,灣仔莊士敦道74-78號一樓及地下C號舖,灣仔,$201-400,西式,746,24,847,4.0,300,22.2775,114.17306
URBAN Cafe (彌敦道),旺角彌敦道566-568A號僑建大廈2樓,旺角,$51-100,多國菜,749,4,856,4.5,75,22.315031,114.173134
Espuma (M88),中環威靈頓街2-8號威靈頓廣場M88 17樓,中環,$101-200,西班牙菜,683,32,857,4.0,150,22.282598,114.16674
Channel 3 Tapas Bar & Restaurant,太子通菜街228號地下,太子,$101-200,西班牙菜,786,21,869,4.0,150,22.296091,114.173248
第三站,旺角洗衣街39號金雞廣場25樓08-09室,旺角,$101-200,意大利菜,697,49,870,4.0,150,22.315031,114.173134
Plato Cafe & Bistro (彌敦道),油麻地彌敦道483-485號2樓,油麻地,$101-200,意大利菜,687,35,870,4.0,150,22.3069,114.1714
Cocina 3 Tapas Restaurant & Bar,大角咀海泓道1號奧海城三期地下G22號舖,大角咀,$101-200,西班牙菜,746,35,871,4.0,150,22.3198,114.1621
樂天皇朝 (利舞臺廣場),銅鑼灣波斯富街99號利舞臺廣場6樓,銅鑼灣,$101-200,粵菜 (廣東),639,30,872,4.0,150,22.28056,114.18667
薄荷葉泰國菜,元朗安康路怡康大廈地下12-13號舖,元朗,$101-200,泰國菜,652,55,872,4.0,150,22.44444,114.02583
荳子 (海壩街),荃灣海壩街99號地下,荃灣,$101-200,西式,526,45,877,4.0,150,22.37806,114.10528
樂園,尖沙咀北京道65-69號環球商業大廈2樓205-06室,尖沙咀,$201-400,西式,783,15,885,4.0,300,22.2988,114.1722
漁獲浜燒,銅鑼灣軒尼詩道525號澳門逸園中心18樓,銅鑼灣,$201-400,日本菜,846,7,889,4.5,300,22.28056,114.18667
Running 燒,旺角彌敦道726號9樓,旺角,$201-400,韓國菜,779,26,889,4.0,300,22.315031,114.173134
Via Tokyo,銅鑼灣禮頓道106-126號禮信大廈地下1A-1B號舖,銅鑼灣,$50以下,日本菜,639,14,890,4.0,50,22.28056,114.18667
茶聊,旺角砵蘭街189號1樓,旺角,$101-200,多國菜,659,29,891,4.0,150,22.315031,114.173134
阿來泰式地道風味,旺角通菜街97號地舖,旺角,$51-100,泰國菜,758,38,891,4.0,75,22.315031,114.173134
Gram cafe & pancakes,尖沙咀彌敦道100號The ONE 4樓L408舖,尖沙咀,$101-200,日本菜,549,117,897,3.5,150,22.2988,114.1722
PAN de PAIN Pancake & Sweets,尖沙咀河內道18號K11購物藝術館B1樓B111B及B111C號舖,尖沙咀,$51-100,日本菜,438,79,906,3.5,75,22.2988,114.1722
十和田總本店,尖沙咀金馬倫道42號華懋金馬倫中心地下,尖沙咀,$201-400,日本菜,801,22,910,4.5,300,22.2988,114.1722
Sky726,旺角彌敦道724-726號25樓,旺角,$201-400,法國菜,683,49,910,4.0,300,22.315031,114.173134
八幡屋涮涮鍋,旺角彌敦道628號瓊華中心12樓,旺角,$201-400,日本菜,753,58,911,4.0,300,22.315031,114.173134
The Grill Room (堪富利士道),尖沙咀堪富利士道6-6A號爵寓2樓,尖沙咀,$201-400,西式,781,31,912,4.5,300,22.2988,114.1722
Mini Friday (銀城廣場),旺角西洋菜南街2號銀城廣場9樓,旺角,$101-200,西式,720,38,913,4.0,150,22.315031,114.173134
元祖沾麵專門店,尖沙咀厚福街5-6號多富閣地下5號舖,尖沙咀,$101-200,日本菜,640,118,924,3.5,150,22.2988,114.1722
焱丸水產,尖沙咀棉登徑23號華楓大廈地下5&6號舖,尖沙咀,$201-400,日本菜,803,24,934,4.0,300,22.2988,114.1722
LAB EAT Restaurant & Bar (金巴利道),尖沙咀金巴利道87-89號僑豐大厦地下1-2號舖,尖沙咀,$201-400,西式,743,39,941,4.0,300,22.2988,114.1722
Dazzling Cafe (The ONE),尖沙咀彌敦道100號The ONE 3樓22號舖,尖沙咀,$101-200,多國菜,575,59,953,4.0,150,22.2988,114.1722
Mamaday,銅鑼灣霎西街28號必發大廈1樓,銅鑼灣,$101-200,多國菜,796,9,964,4.5,150,22.28056,114.18667
2DP,尖沙咀厚福街12至12號A藍馬商業大廈地下,尖沙咀,$101-200,港式,696,49,971,4.0,150,22.2988,114.1722
Cambo ขุนทอง (The ONE),尖沙咀彌敦道100號The ONE 4樓L403舖,尖沙咀,$101-200,泰國菜,661,81,972,4.0,150,22.2988,114.1722
Seoulmate (京都廣場),銅鑼灣駱克道491-499號京都廣場4樓,銅鑼灣,$101-200,韓國菜,752,41,978,4.0,150,22.28056,114.18667
嘉樂冰廳,荃灣新村街40B號地舖,荃灣,$51-100,港式,530,104,992,3.5,75,22.37806,114.10528
Burger Joys (君悅居),灣仔駱克道42-50號君悅居地下E舖,灣仔,$101-200,美國菜,874,17,1002,4.0,150,22.2775,114.17306
心之食堂,銅鑼灣耀華街3號百樂中心12樓1203室,銅鑼灣,$201-400,日本菜,863,39,1006,4.0,300,22.28056,114.18667
Burgeroom (美麗華廣場一期),尖沙咀彌敦道132號美麗華廣場一期2 樓 207 號舖,尖沙咀,$51-100,美國菜,876,20,1034,4.0,75,22.2988,114.1722
OPPA Coffee Bar Restaurant,尖沙咀金巴利街1號F地鋪,尖沙咀,$101-200,韓國菜,859,83,1037,4.0,150,22.2988,114.1722
Dodam Chicken (利舞臺廣場),銅鑼灣波斯富街99號利舞臺廣場18樓A號舖,銅鑼灣,$101-200,韓國菜,882,21,1042,4.0,150,22.28056,114.18667
CHEF STAGE de Eddy Chu,尖沙咀亞士厘道17-19號19樓,尖沙咀,$201-400,西式,925,35,1055,4.0,300,22.2988,114.1722
Little Vegas,銅鑼灣耀華街3號百樂中心25樓,銅鑼灣,$101-200,西式,866,35,1079,4.0,150,22.28056,114.18667
Bingo & Cook,銅鑼灣駱克道487-489號駱克駅2樓,銅鑼灣,$101-200,韓國菜,955,21,1108,4.0,150,22.28056,114.18667
慢煮工業,太子白楊街15-19號萬安大樓地下及1樓,太子,$101-200,西式,899,53,1110,4.0,150,22.296091,114.173248
鉄人旨花,銅鑼灣謝斐道477-481號肇明大廈2樓,銅鑼灣,$801以上,日本菜,1055,14,1112,4.5,801,22.28056,114.18667
小火焰韓式咖啡廳 (觀點中心),觀塘觀塘道410號觀點中心1樓1號舖,觀塘,$101-200,韓國菜,910,18,1122,4.0,150,22.31056,114.22278
神戶屋日韓放題,旺角西洋菜街1號兆萬中心8樓,旺角,$201-400,韓國菜,894,85,1122,4.0,300,22.315031,114.173134
The Captain's House,尖沙咀厚福街8號H8 18樓,尖沙咀,$201-400,西式,941,35,1129,4.0,300,22.2988,114.1722
芝樂坊餐廳,尖沙咀廣東道25號海港城港威商場地下G102號舖,尖沙咀,$101-200,美國菜,687,63,1136,4.0,150,22.2988,114.1722
The Grill Room (The L. Square),銅鑼灣駱克道459-461號The L. Square 5樓,銅鑼灣,$201-400,西式,936,46,1165,4.0,300,22.28056,114.18667
Ocio (煙廠街),旺角煙廠街33號朗廷軒地下B舖,旺角,$101-200,多國菜,881,69,1169,4.0,150,22.315031,114.173134
七福神和食亭,佐敦彌敦道311-313號1樓,佐敦,$101-200,日本菜,1003,33,1193,4.0,150,22.3049,114.1692
Yadllie Plate,旺角西洋菜街1號兆萬中心11樓,旺角,$101-200,韓國菜,918,50,1201,4.0,150,22.315031,114.173134
HeSheEat (銅鑼灣地帶),銅鑼灣記利佐治街2-10號銅鑼灣地帶2樓201號舖,銅鑼灣,$51-100,西式,941,46,1211,4.0,75,22.28056,114.18667
Espuma (H8),尖沙咀厚福街8號H8 2樓,尖沙咀,$101-200,西班牙菜,789,95,1228,3.5,150,22.2988,114.1722
Sodam Chicken,銅鑼灣耀華街3號百樂中心7樓,銅鑼灣,$101-200,韓國菜,987,63,1286,4.0,150,22.28056,114.18667
Shine,尖沙咀北京道12A號太子集團中心6樓,尖沙咀,$201-400,西式,1185,37,1342,4.0,300,22.2988,114.1722
HeSheEat (白布街),旺角白布街22號藝興大廈地下4號舖,旺角,$51-100,西式,1013,62,1391,4.0,75,22.315031,114.173134
Burgeroom (Fashion Walk),銅鑼灣百德新街50-56號Fashion Walk食街地下D舖,銅鑼灣,$101-200,美國菜,1133,68,1395,4.0,150,22.28056,114.18667
勝香園,中環美輪街2號排檔,中環,$50以下,港式,1038,80,1491,3.5,50,22.282598,114.16674
澳洲牛奶公司,佐敦白加士街47-49號地下,佐敦,$50以下,港式,1730,285,2901,3.5,50,22.3049,114.1692
